TX_ID,ALERT_TYPE
42221,mule_fanin
42385,mule_fanin
43557,mule_fanin
44551,mule_fanin
44963,mule_fanin
47123,mule_fanin
47397,mule_fanin
47461,mule_fanin
47609,mule_fanin
47610,mule_fanin
49470,mule_fanin
49930,mule_fanin
49991,mule_fanin
50143,mule_fanin
50375,mule_fanin
50525,mule_fanin
51381,mule_fanin
51640,mule_fanin
52117,mule_fanin
52123,mule_fanin
52168,mule_fanin
52394,mule_fanin
52547,mule_fanin
52824,mule_fanin
52878,mule_fanin
53299,mule_fanin
53748,mule_fanin
53768,mule_fanin
53878,mule_fanin
54454,mule_fanin
54862,laundering_cycle
54914,mule_fanin
54994,laundering_cycle
55365,mule_fanin
55785,mule_fanin
55972,mule_fanin
56008,mule_fanin
56692,mule_fanin
56996,mule_fanin
57016,mule_fanin
57432,mule_fanin
57533,mule_fanin
57921,mule_fanin
58792,laundering_cycle
59357,mule_fanin
59613,mule_fanin
59640,mule_fanin
59674,mule_fanin
59683,mule_fanin
60352,mule_fanin
60428,lapping
61144,laundering_cycle
62095,laundering_cycle
62128,mule_fanin
62621,mule_fanin
62791,mule_fanin
62908,mule_fanin
62925,mule_fanin
62941,mule_fanin
62942,mule_fanin
62948,mule_fanin
62964,mule_fanin
62966,mule_fanin
63912,mule_fanin
63938,mule_fanin
64390,laundering_cycle
65315,laundering_cycle
65735,mule_fanin
66655,mule_fanin
67042,mule_fanin
67850,laundering_cycle
68350,mule_fanin
68591,mule_fanin
69262,mule_fanin
69322,mule_fanin
69903,mule_fanin
70536,mule_fanin
70573,laundering_cycle
70771,mule_fanin
70845,mule_fanin
70860,mule_fanin
70889,mule_fanin
71133,laundering_cycle
71235,laundering_cycle
71662,mule_fanin
72063,mule_fanin
72065,mule_fanin
72076,mule_fanin
72089,mule_fanin
72674,mule_fanin
72718,laundering_cycle
73071,mule_fanin
73311,laundering_cycle
73364,mule_fanin
73651,mule_fanin
73674,mule_fanin
73865,laundering_cycle
73908,laundering_cycle
73934,mule_fanin
73979,laundering_cycle
73987,mule_fanin
73992,laundering_cycle
74015,laundering_cycle
74033,mule_fanin
74280,mule_fanin
74296,mule_fanin
76247,mule_fanin
76669,mule_fanin
76881,laundering_cycle
76900,mule_fanin
77405,mule_fanin
77881,mule_fanin
77896,mule_fanin
77923,mule_fanin
78050,laundering_cycle
78298,mule_fanin
78557,laundering_cycle
78822,lapping
79421,mule_fanin
79746,laundering_cycle
79876,mule_fanin
80098,laundering_cycle
80400,laundering_cycle
80715,mule_fanin
81026,mule_fanin
81398,mule_fanin
81884,mule_fanin
82139,laundering_cycle
82160,laundering_cycle
82171,mule_fanin
82228,mule_fanin
82302,lapping
82514,laundering_cycle
82548,mule_fanin
82762,laundering_cycle
83280,laundering_cycle
83303,laundering_cycle
83529,mule_fanin
83572,mule_fanin
83716,laundering_cycle
83773,mule_fanin
83774,mule_fanin
83900,mule_fanin
84193,mule_fanin
84236,mule_fanin
84266,mule_fanin
84325,mule_fanin
84358,mule_fanin
85133,laundering_cycle
85236,mule_fanin
85238,mule_fanin
85658,laundering_cycle
85863,laundering_cycle
86106,mule_fanin
86147,laundering_cycle
86561,mule_fanin
86636,mule_fanin
86756,laundering_cycle
86780,laundering_cycle
86783,mule_fanin
86794,mule_fanin
87497,mule_fanin
87580,mule_fanin
87595,laundering_cycle
87810,laundering_cycle
88201,laundering_cycle
88501,laundering_cycle
88618,laundering_cycle
88826,laundering_cycle
89772,mule_fanin
89782,mule_fanin
90107,mule_fanin
90163,laundering_cycle
90211,mule_fanin
90596,mule_fanin
90749,laundering_cycle
91073,mule_fanin
91267,laundering_cycle
91300,mule_fanin
91427,mule_fanin
91446,mule_fanin
91450,laundering_cycle
91454,laundering_cycle
91465,laundering_cycle
91518,mule_fanin
91820,laundering_cycle
91922,laundering_cycle
91958,laundering_cycle
92146,laundering_cycle
92241,laundering_cycle
92335,mule_fanin
92563,laundering_cycle
92571,mule_fanin
92973,mule_fanin
93001,mule_fanin
93004,mule_fanin
93017,mule_fanin
93029,mule_fanin
93352,mule_fanin
93356,laundering_cycle
93474,laundering_cycle
93948,mule_fanin
94095,laundering_cycle
94686,laundering_cycle
94805,mule_fanin
94998,mule_fanin
95001,mule_fanin
95129,laundering_cycle
95325,laundering_cycle
95545,laundering_cycle
95558,laundering_cycle
95901,laundering_cycle
95910,laundering_cycle
95955,mule_fanin
96007,mule_fanin
96023,laundering_cycle
96034,laundering_cycle
96037,laundering_cycle
96042,laundering_cycle
96067,laundering_cycle
96079,laundering_cycle
96283,laundering_cycle
96309,laundering_cycle
96662,lapping
97045,laundering_cycle
97581,laundering_cycle
98125,laundering_cycle
98185,mule_fanin
98326,mule_fanin
98339,mule_fanin
98375,mule_fanin
98465,laundering_cycle
98541,mule_fanin
98816,laundering_cycle
98860,mule_fanin
98902,laundering_cycle
98921,mule_fanin
99046,laundering_cycle
99109,laundering_cycle
99113,mule_fanin
99209,mule_fanin
99851,laundering_cycle
100007,mule_fanin
100019,laundering_cycle
100136,laundering_cycle
100359,mule_fanin
100628,laundering_cycle
100638,laundering_cycle
100677,laundering_cycle
100723,mule_fanin
100786,laundering_cycle
101515,mule_fanin
101765,mule_fanin
101778,laundering_cycle
102434,mule_fanin
102455,laundering_cycle
102533,mule_fanin
102745,lapping
102801,laundering_cycle
103285,laundering_cycle
103886,mule_fanin
104086,mule_fanin
104199,mule_fanin
104605,lapping
104628,mule_fanin
104811,mule_fanin
104920,mule_fanin
105086,mule_fanin
105110,mule_fanin
105222,laundering_cycle
105456,laundering_cycle
105470,mule_fanin
105494,mule_fanin
105498,laundering_cycle
105520,mule_fanin
105535,laundering_cycle
105737,laundering_cycle
105897,laundering_cycle
106698,laundering_cycle
106801,mule_fanin
108021,laundering_cycle
108288,mule_fanin
108497,mule_fanin
108623,laundering_cycle
108692,laundering_cycle
108868,laundering_cycle
108873,laundering_cycle
108941,laundering_cycle
108966,mule_fanin
109077,mule_fanin
109133,laundering_cycle
109167,laundering_cycle
109174,laundering_cycle
109272,laundering_cycle
109507,laundering_cycle
109558,mule_fanin
109787,laundering_cycle
109955,mule_fanin
110155,mule_fanin
110198,mule_fanin
110211,laundering_cycle
110226,laundering_cycle
110963,laundering_cycle
111024,laundering_cycle
111066,laundering_cycle
111071,laundering_cycle
111096,larceny
111123,laundering_cycle
111239,laundering_cycle
111588,mule_fanin
111613,laundering_cycle
111625,laundering_cycle
111636,laundering_cycle
111665,laundering_cycle
111675,laundering_cycle
111676,mule_fanin
112113,laundering_cycle
112518,mule_fanin
112560,laundering_cycle
112805,mule_fanin
112900,laundering_cycle
112987,laundering_cycle
113042,laundering_cycle
113318,laundering_cycle
113413,laundering_cycle
113554,laundering_cycle
113562,laundering_cycle
113798,laundering_cycle
113887,laundering_cycle
114039,laundering_cycle
114187,laundering_cycle
114216,mule_fanin
114593,mule_fanin
114733,laundering_cycle
114784,laundering_cycle
114790,laundering_cycle
114793,laundering_cycle
114803,laundering_cycle
115696,invoice_kickback
116183,mule_fanin
116829,mule_fanin
116856,laundering_cycle
117221,mule_fanin
117269,laundering_cycle
117378,laundering_cycle
117408,laundering_cycle
117874,laundering_cycle
117914,mule_fanin
118259,mule_fanin
118348,lapping
118905,laundering_cycle
119247,laundering_cycle
119461,mule_fanin
119756,laundering_cycle
120387,mule_fanin
120546,mule_fanin
121006,mule_fanin
121074,mule_fanin
121218,mule_fanin
121262,laundering_cycle
122236,invoice_kickback
122397,laundering_cycle
122733,laundering_cycle
122776,laundering_cycle
123098,mule_fanin
123488,laundering_cycle
123917,laundering_cycle
124079,laundering_cycle
124096,laundering_cycle
124131,mule_fanin
124147,laundering_cycle
124174,laundering_cycle
124238,laundering_cycle
124303,laundering_cycle
124511,lapping
124757,lapping
124970,laundering_cycle
125098,laundering_cycle
126264,mule_fanin
126371,mule_fanin
126374,mule_fanin
126511,mule_fanin
127104,mule_fanin
127110,laundering_cycle
127111,mule_fanin
127122,laundering_cycle
127134,laundering_cycle
127153,laundering_cycle
127332,lapping
127749,laundering_cycle
127767,laundering_cycle
128039,invoice_kickback
128312,mule_fanin
128320,laundering_cycle
128331,laundering_cycle
128460,laundering_cycle
128626,mule_fanin
128831,mule_fanin
128857,mule_fanin
128859,laundering_cycle
129043,laundering_cycle
129313,mule_fanin
129395,laundering_cycle
129596,mule_fanin
129939,mule_fanin
130243,laundering_cycle
130267,mule_fanin
130338,laundering_cycle
130390,laundering_cycle
130537,laundering_cycle
130601,laundering_cycle
130776,laundering_cycle
131598,laundering_cycle
131636,mule_fanin
131938,laundering_cycle
132007,laundering_cycle
133053,laundering_cycle
133451,mule_fanin
133852,larceny
133855,laundering_cycle
135194,laundering_cycle
135654,laundering_cycle
136026,mule_fanin
136304,mule_fanin
136367,mule_fanin
136393,mule_fanin
137092,laundering_cycle
137199,laundering_cycle
137298,mule_fanin
137752,laundering_cycle
138310,laundering_cycle
138522,mule_fanin
138636,mule_fanin
139604,mule_fanin
139691,mule_fanin
139700,mule_fanin
139713,laundering_cycle
139754,mule_fanin
140054,mule_fanin
140286,laundering_cycle
140794,mule_fanin
141368,lapping
141524,laundering_cycle
142084,lapping
142253,laundering_cycle
142430,laundering_cycle
142580,mule_fanin
142723,laundering_cycle
142729,mule_fanin
142750,laundering_cycle
142760,mule_fanin
142902,laundering_cycle
143443,mule_fanin
143660,laundering_cycle
143670,laundering_cycle
143813,lapping
143853,laundering_cycle
143869,laundering_cycle
144100,mule_fanin
144459,invoice_kickback
144492,laundering_cycle
144729,laundering_cycle
144791,laundering_cycle
145245,mule_fanin
145576,laundering_cycle
145725,mule_fanin
145760,laundering_cycle
146713,laundering_cycle
146715,laundering_cycle
146763,lapping
146826,laundering_cycle
146892,laundering_cycle
146952,laundering_cycle
146962,laundering_cycle
146993,laundering_cycle
147177,lapping
147333,laundering_cycle
147411,laundering_cycle
147792,mule_fanin
147970,laundering_cycle
148220,laundering_cycle
148918,mule_fanin
149293,mule_fanin
149440,lapping
149464,laundering_cycle
149573,mule_fanin
149594,mule_fanin
149742,invoice_kickback
149856,mule_fanin
150005,laundering_cycle
150030,mule_fanin
150065,mule_fanin
150071,laundering_cycle
150073,mule_fanin
150088,laundering_cycle
151639,laundering_cycle
151726,mule_fanin
151885,laundering_cycle
152086,mule_fanin
152297,laundering_cycle
152519,lapping
152545,mule_fanin
152730,laundering_cycle
152823,mule_fanin
153485,mule_fanin
153758,mule_fanin
153782,mule_fanin
153786,laundering_cycle
154399,mule_fanin
155902,laundering_cycle
157934,mule_fanin
158197,lapping
158766,mule_fanin
158780,mule_fanin
159027,mule_fanin
159318,mule_fanin
159413,laundering_cycle
159643,mule_fanin
159725,mule_fanin
160302,lapping
160442,mule_fanin
160992,mule_fanin
161261,laundering_cycle
161283,laundering_cycle
161358,laundering_cycle
161456,lapping
161682,mule_fanin
161766,lapping
161850,laundering_cycle
162139,larceny
162382,mule_fanin
162860,laundering_cycle
163145,laundering_cycle
163458,mule_fanin
163596,mule_fanin
164276,mule_fanin
164431,laundering_cycle
164456,mule_fanin
164531,mule_fanin
164631,mule_fanin
164734,mule_fanin
165177,laundering_cycle
165231,lapping
165796,laundering_cycle
165808,lapping
166148,mule_fanin
166571,laundering_cycle
166698,mule_fanin
167127,mule_fanin
167221,laundering_cycle
167330,laundering_cycle
167470,laundering_cycle
167472,laundering_cycle
167497,laundering_cycle
167503,mule_fanin
167563,mule_fanin
167573,laundering_cycle
167777,laundering_cycle
167819,mule_fanin
168687,invoice_kickback
169199,mule_fanin
169200,mule_fanin
169229,laundering_cycle
169250,laundering_cycle
169503,lapping
169549,mule_fanin
169568,mule_fanin
169595,laundering_cycle
169675,laundering_cycle
169825,laundering_cycle
169992,mule_fanin
170054,mule_fanin
170074,larceny
170266,laundering_cycle
170335,lapping
170371,larceny
170430,laundering_cycle
170474,mule_fanin
170731,mule_fanin
170826,mule_fanin
170835,laundering_cycle
170838,mule_fanin
170866,laundering_cycle
171267,laundering_cycle
171657,laundering_cycle
172101,laundering_cycle
172111,laundering_cycle
172118,lapping
172634,laundering_cycle
173195,mule_fanin
173310,mule_fanin
173638,laundering_cycle
173692,laundering_cycle
173793,laundering_cycle
173824,laundering_cycle
173919,laundering_cycle
173969,laundering_cycle
173984,laundering_cycle
174242,laundering_cycle
175543,laundering_cycle
175661,lapping
175851,laundering_cycle
177119,mule_fanin
177373,mule_fanin
177375,laundering_cycle
177689,mule_fanin
177776,invoice_kickback
177843,mule_fanin
178708,mule_fanin
178980,mule_fanin
179038,lapping
179271,mule_fanin
179393,laundering_cycle
179671,invoice_kickback
179834,laundering_cycle
179893,mule_fanin
180508,laundering_cycle
180560,laundering_cycle
180575,mule_fanin
180584,laundering_cycle
180599,laundering_cycle
180621,mule_fanin
180633,laundering_cycle
180652,laundering_cycle
180859,mule_fanin
180891,mule_fanin
180970,mule_fanin
181262,mule_fanin
181449,mule_fanin
181833,lapping
182017,laundering_cycle
182764,mule_fanin
183645,mule_fanin
183802,lapping
184063,lapping
184964,invoice_kickback
185079,lapping
185283,mule_fanin
185558,mule_fanin
185622,mule_fanin
185975,mule_fanin
186673,mule_fanin
186695,mule_fanin
186720,mule_fanin
186775,mule_fanin
186830,mule_fanin
186921,laundering_cycle
186982,laundering_cycle
187041,mule_fanin
187653,lapping
187800,mule_fanin
187989,lapping
188039,mule_fanin
188057,mule_fanin
188392,mule_fanin
188398,mule_fanin
188405,mule_fanin
188557,mule_fanin
188597,invoice_kickback
188609,lapping
189143,laundering_cycle
189254,laundering_cycle
189328,mule_fanin
189405,larceny
189420,mule_fanin
189740,laundering_cycle
189778,mule_fanin
189783,laundering_cycle
189803,mule_fanin
189834,mule_fanin
189848,mule_fanin
189940,mule_fanin
190083,laundering_cycle
190087,mule_fanin
190249,laundering_cycle
190534,mule_fanin
190587,laundering_cycle
190978,lapping
191060,mule_fanin
191124,lapping
191230,larceny
191596,laundering_cycle
191995,mule_fanin
192412,mule_fanin
192590,mule_fanin
192594,mule_fanin
192750,mule_fanin
192932,mule_fanin
192933,mule_fanin
192959,mule_fanin
193438,mule_fanin
193453,mule_fanin
193460,mule_fanin
193461,larceny
193906,lapping
194058,mule_fanin
194115,mule_fanin
194221,mule_fanin
194411,mule_fanin
195352,mule_fanin
195408,mule_fanin
195530,mule_fanin
195778,mule_fanin
195839,mule_fanin
195896,mule_fanin
195924,mule_fanin
196002,mule_fanin
196005,mule_fanin
196014,mule_fanin
196018,mule_fanin
196027,mule_fanin
196039,laundering_cycle
196042,mule_fanin
196083,laundering_cycle
196317,mule_fanin
197087,mule_fanin
197270,mule_fanin
197589,mule_fanin
197762,mule_fanin
197798,mule_fanin
197869,mule_fanin
197904,lapping
197915,mule_fanin
197927,mule_fanin
197972,lapping
198017,mule_fanin
198645,mule_fanin
198669,mule_fanin
198934,mule_fanin
199048,mule_fanin
199277,mule_fanin
199310,mule_fanin
199314,mule_fanin
199316,mule_fanin
199330,laundering_cycle
199336,mule_fanin
199337,mule_fanin
199339,mule_fanin
199502,mule_fanin
199703,mule_fanin
200113,lapping
200280,mule_fanin
200464,mule_fanin
200740,mule_fanin
200897,mule_fanin
201448,lapping
201500,mule_fanin
201748,mule_fanin
201875,mule_fanin
202037,mule_fanin
202169,mule_fanin
202242,invoice_kickback
202265,mule_fanin
202373,mule_fanin
202380,mule_fanin
202381,laundering_cycle
202393,mule_fanin
202406,mule_fanin
202424,mule_fanin
202425,mule_fanin
202446,mule_fanin
202564,mule_fanin
202663,mule_fanin
202784,laundering_cycle
202814,mule_fanin
202820,mule_fanin
202871,lapping
203013,mule_fanin
203065,mule_fanin
203166,laundering_cycle
203380,larceny
203553,mule_fanin
203576,mule_fanin
204081,mule_fanin
204120,laundering_cycle
204201,laundering_cycle
204550,mule_fanin
204824,mule_fanin
204918,mule_fanin
204935,mule_fanin
204997,mule_fanin
205049,mule_fanin
205492,mule_fanin
205495,mule_fanin
205498,mule_fanin
205518,mule_fanin
205535,mule_fanin
205538,mule_fanin
205546,mule_fanin
205687,mule_fanin
205698,mule_fanin
205842,lapping
205891,mule_fanin
206295,mule_fanin
206486,mule_fanin
206750,laundering_cycle
206846,lapping
206871,invoice_kickback
206890,mule_fanin
206940,lapping
207030,laundering_cycle
207225,laundering_cycle
207233,mule_fanin
207239,laundering_cycle
207281,mule_fanin
207286,mule_fanin
207293,mule_fanin
207299,mule_fanin
207301,mule_fanin
207588,mule_fanin
207590,mule_fanin
207634,mule_fanin
207772,lapping
207902,laundering_cycle
207930,mule_fanin
207985,invoice_kickback
208328,laundering_cycle
208534,mule_fanin
208537,laundering_cycle
208764,mule_fanin
208807,laundering_cycle
208821,mule_fanin
208897,mule_fanin
208904,laundering_cycle
208926,laundering_cycle
209101,mule_fanin
209222,mule_fanin
209355,mule_fanin
209463,mule_fanin
209613,mule_fanin
209853,mule_fanin
210743,mule_fanin
211084,lapping
211414,mule_fanin
211637,invoice_kickback
211688,mule_fanin
211814,mule_fanin
211825,laundering_cycle
211928,mule_fanin
211986,mule_fanin
211998,mule_fanin
212017,laundering_cycle
212047,mule_fanin
212054,mule_fanin
212248,lapping
212718,mule_fanin
213259,lapping
213564,laundering_cycle
213967,mule_fanin
214056,mule_fanin
215058,mule_fanin
215204,mule_fanin
215207,mule_fanin
215400,mule_fanin
215893,laundering_cycle
216041,mule_fanin
216396,lapping
216677,laundering_cycle
216736,mule_fanin
216967,mule_fanin
217225,mule_fanin
217424,mule_fanin
217473,mule_fanin
217511,mule_fanin
218014,mule_fanin
218132,mule_fanin
218527,mule_fanin
218605,mule_fanin
218912,mule_fanin
219613,mule_fanin
219653,invoice_kickback
219685,mule_fanin
219940,mule_fanin
219991,mule_fanin
220041,larceny
220087,lapping
220295,lapping
220382,lapping
220465,lapping
220556,mule_fanin
220580,mule_fanin
220626,mule_fanin
220846,mule_fanin
220941,mule_fanin
220952,mule_fanin
221013,mule_fanin
221319,mule_fanin
221413,mule_fanin
221565,mule_fanin
221650,mule_fanin
221658,mule_fanin
221701,invoice_kickback
221876,mule_fanin
221917,mule_fanin
221981,mule_fanin
222016,mule_fanin
222153,mule_fanin
222207,laundering_cycle
222804,mule_fanin
223023,mule_fanin
223027,laundering_cycle
223619,mule_fanin
223934,lapping
224298,mule_fanin
224305,mule_fanin
224452,laundering_cycle
224563,mule_fanin
224588,mule_fanin
224636,laundering_cycle
224681,mule_fanin
224684,mule_fanin
224690,laundering_cycle
224693,mule_fanin
224877,lapping
224995,larceny
225019,lapping
225031,lapping
225239,laundering_cycle
225837,laundering_cycle
225890,laundering_cycle
225920,mule_fanin
226099,lapping
226282,mule_fanin
226329,mule_fanin
226359,mule_fanin
226418,invoice_kickback
226569,mule_fanin
226582,laundering_cycle
226623,mule_fanin
226773,larceny
226809,mule_fanin
226832,mule_fanin
227018,invoice_kickback
227072,lapping
227084,mule_fanin
227179,mule_fanin
227360,mule_fanin
227399,laundering_cycle
227550,mule_fanin
227603,mule_fanin
227671,mule_fanin
227673,mule_fanin
227783,laundering_cycle
227807,mule_fanin
227817,mule_fanin
227885,mule_fanin
227887,mule_fanin
227910,laundering_cycle
228736,mule_fanin
229516,invoice_kickback
229600,lapping
229612,mule_fanin
229720,mule_fanin
229879,mule_fanin
229965,mule_fanin
229999,mule_fanin
230115,lapping
230217,mule_fanin
230257,lapping
230767,lapping
231125,mule_fanin
231319,invoice_kickback
231492,mule_fanin
231739,mule_fanin
231844,mule_fanin
231853,mule_fanin
231890,mule_fanin
232144,mule_fanin
232594,mule_fanin
232790,lapping
233919,mule_fanin
234080,mule_fanin
234092,lapping
234429,invoice_kickback
234438,mule_fanin
234783,laundering_cycle
235274,laundering_cycle
235304,laundering_cycle
235582,invoice_kickback
235993,mule_fanin
236136,mule_fanin
236148,laundering_cycle
236173,laundering_cycle
236357,larceny
236497,larceny
236703,mule_fanin
236721,laundering_cycle
237372,mule_fanin
237575,invoice_kickback
237886,larceny
237905,mule_fanin
238046,mule_fanin
238911,invoice_kickback
239374,mule_fanin
240086,mule_fanin
240661,mule_fanin
240662,lapping
240738,mule_fanin
240958,mule_fanin
241529,invoice_kickback
242145,mule_fanin
242643,mule_fanin
242753,mule_fanin
242885,mule_fanin
243846,mule_fanin
244125,mule_fanin
244692,mule_fanin
246245,mule_fanin
246490,mule_fanin
246591,mule_fanin
246595,lapping
246610,invoice_kickback
246716,larceny
246722,lapping
246911,invoice_kickback
246958,laundering_cycle
247079,mule_fanin
247152,mule_fanin
247161,mule_fanin
247995,mule_fanin
248039,mule_fanin
248182,mule_fanin
248192,mule_fanin
248199,invoice_kickback
248202,mule_fanin
248210,mule_fanin
248285,lapping
248605,mule_fanin
248700,invoice_kickback
248718,lapping
249082,lapping
249290,lapping
249550,mule_fanin
250454,lapping
250561,laundering_cycle
250574,lapping
250955,mule_fanin
251016,lapping
251480,laundering_cycle
251733,lapping
251887,laundering_cycle
252187,mule_fanin
252615,laundering_cycle
252849,mule_fanin
252933,mule_fanin
252941,mule_fanin
252992,mule_fanin
253321,mule_fanin
253557,larceny
253629,laundering_cycle
253942,laundering_cycle
254024,laundering_cycle
254114,laundering_cycle
254155,mule_fanin
254357,lapping
254366,lapping
254395,laundering_cycle
255392,mule_fanin
255773,mule_fanin
256160,mule_fanin
256171,laundering_cycle
256177,mule_fanin
257053,invoice_kickback
257239,mule_fanin
257565,larceny
257894,lapping
258806,mule_fanin
258934,laundering_cycle
259016,mule_fanin
259525,laundering_cycle
260051,lapping
260210,lapping
260354,mule_fanin
260611,invoice_kickback
260761,mule_fanin
260779,laundering_cycle
261192,laundering_cycle
261308,laundering_cycle
261338,laundering_cycle
261473,mule_fanin
262154,laundering_cycle
262198,mule_fanin
262716,mule_fanin
262753,mule_fanin
263304,larceny
263418,lapping
263655,lapping
263672,mule_fanin
264033,lapping
264292,lapping
264465,invoice_kickback
264557,laundering_cycle
264623,laundering_cycle
264811,laundering_cycle
264846,lapping
264930,lapping
265771,mule_fanin
266031,laundering_cycle
266198,invoice_kickback
266292,mule_fanin
266564,laundering_cycle
266747,laundering_cycle
266982,invoice_kickback
267026,laundering_cycle
267043,laundering_cycle
267260,laundering_cycle
267464,mule_fanin
267527,mule_fanin
267577,laundering_cycle
267617,mule_fanin
267826,mule_fanin
267840,mule_fanin
267877,laundering_cycle
267935,laundering_cycle
268156,laundering_cycle
268650,laundering_cycle
268712,invoice_kickback
268745,laundering_cycle
269072,laundering_cycle
269077,laundering_cycle
269083,laundering_cycle
269121,laundering_cycle
269209,laundering_cycle
269379,laundering_cycle
270067,laundering_cycle
270155,laundering_cycle
270282,laundering_cycle
270606,laundering_cycle
270679,mule_fanin
270948,mule_fanin
272298,mule_fanin
272348,laundering_cycle
272377,laundering_cycle
272612,larceny
272990,laundering_cycle
273388,larceny
274738,mule_fanin
274855,mule_fanin
275124,mule_fanin
275398,mule_fanin
275545,mule_fanin
275546,laundering_cycle
275567,laundering_cycle
275597,laundering_cycle
275734,laundering_cycle
275845,invoice_kickback
276742,lapping
277131,laundering_cycle
277301,mule_fanin
277512,mule_fanin
277869,mule_fanin
277877,mule_fanin
277957,mule_fanin
278497,laundering_cycle
278835,laundering_cycle
278868,invoice_kickback
278989,mule_fanin
279064,laundering_cycle
280116,mule_fanin
280158,larceny
280502,laundering_cycle
280756,lapping
280987,mule_fanin
281047,lapping
281063,laundering_cycle
281287,laundering_cycle
281877,mule_fanin
281913,laundering_cycle
281952,laundering_cycle
281992,mule_fanin
282000,mule_fanin
282017,mule_fanin
282054,mule_fanin
282072,mule_fanin
282101,laundering_cycle
282233,mule_fanin
282422,mule_fanin
282463,invoice_kickback
282633,laundering_cycle
282693,laundering_cycle
282701,laundering_cycle
282853,mule_fanin
282877,laundering_cycle
282928,mule_fanin
283183,lapping
283700,laundering_cycle
284020,mule_fanin
284081,mule_fanin
284280,invoice_kickback
285057,laundering_cycle
285231,laundering_cycle
285255,mule_fanin
285256,mule_fanin
285266,mule_fanin
285268,invoice_kickback
285391,laundering_cycle
285453,laundering_cycle
285497,laundering_cycle
285518,laundering_cycle
285706,laundering_cycle
285888,larceny
285933,mule_fanin
286246,mule_fanin
286588,mule_fanin
286615,lapping
286961,mule_fanin
286968,mule_fanin
286976,laundering_cycle
287069,laundering_cycle
287070,laundering_cycle
287075,mule_fanin
287090,mule_fanin
287103,laundering_cycle
287105,laundering_cycle
287114,mule_fanin
287354,mule_fanin
287387,larceny
287391,laundering_cycle
287465,lapping
287816,laundering_cycle
288105,laundering_cycle
288128,mule_fanin
288608,mule_fanin
288987,invoice_kickback
289152,lapping
289178,laundering_cycle
290336,invoice_kickback
290565,lapping
290808,lapping
291398,mule_fanin
291963,mule_fanin
291979,laundering_cycle
291993,mule_fanin
292000,invoice_kickback
292002,mule_fanin
292013,laundering_cycle
292045,invoice_kickback
292054,laundering_cycle
292473,lapping
292498,laundering_cycle
292531,laundering_cycle
292536,laundering_cycle
292564,mule_fanin
293027,laundering_cycle
293234,laundering_cycle
293684,laundering_cycle
294754,mule_fanin
295179,mule_fanin
295597,larceny
295723,laundering_cycle
295982,larceny
296008,laundering_cycle
296260,mule_fanin
296286,laundering_cycle
296400,laundering_cycle
296672,lapping
296895,laundering_cycle
297031,lapping
297155,mule_fanin
297547,invoice_kickback
297658,lapping
297859,laundering_cycle
298212,mule_fanin
298354,mule_fanin
298765,mule_fanin
298813,laundering_cycle
298837,laundering_cycle
299060,invoice_kickback
299183,laundering_cycle
299526,laundering_cycle
300199,laundering_cycle
300427,mule_fanin
300722,larceny
301099,mule_fanin
301188,lapping
301864,mule_fanin
302468,larceny
302473,laundering_cycle
302567,mule_fanin
302582,laundering_cycle
302967,laundering_cycle
302996,invoice_kickback
303653,laundering_cycle
303765,laundering_cycle
303873,laundering_cycle
304023,mule_fanin
304198,laundering_cycle
304209,laundering_cycle
304306,larceny
304532,laundering_cycle
304595,laundering_cycle
304660,mule_fanin
304741,mule_fanin
304760,laundering_cycle
305083,laundering_cycle
305095,laundering_cycle
305100,laundering_cycle
305110,laundering_cycle
305113,laundering_cycle
305118,laundering_cycle
305126,laundering_cycle
305323,laundering_cycle
305878,laundering_cycle
306132,laundering_cycle
306233,lapping
306255,mule_fanin
306540,mule_fanin
306864,mule_fanin
306879,laundering_cycle
307052,laundering_cycle
307136,invoice_kickback
307199,larceny
307396,laundering_cycle
307472,laundering_cycle
307716,invoice_kickback
307742,mule_fanin
308295,mule_fanin
308315,laundering_cycle
308372,laundering_cycle
308403,mule_fanin
308421,mule_fanin
308435,laundering_cycle
308580,mule_fanin
308768,mule_fanin
308835,lapping
308905,mule_fanin
309318,mule_fanin
309639,mule_fanin
309900,invoice_kickback
310277,mule_fanin
310460,lapping
310489,laundering_cycle
311064,mule_fanin
311321,invoice_kickback
311635,laundering_cycle
311649,mule_fanin
311680,laundering_cycle
311693,mule_fanin
311711,mule_fanin
311907,mule_fanin
312417,invoice_kickback
312543,invoice_kickback
312628,larceny
312759,mule_fanin
312912,mule_fanin
313856,lapping
314566,mule_fanin
315379,mule_fanin
315976,mule_fanin
316170,lapping
316420,laundering_cycle
316707,laundering_cycle
318098,mule_fanin
318255,mule_fanin
318969,mule_fanin
318986,mule_fanin
319003,mule_fanin
319013,mule_fanin
319601,invoice_kickback
319639,laundering_cycle
319823,laundering_cycle
320232,larceny
320457,mule_fanin
322497,mule_fanin
323499,mule_fanin
323899,laundering_cycle
324021,mule_fanin
325801,invoice_kickback
325808,laundering_cycle
325841,mule_fanin
325960,invoice_kickback
326245,mule_fanin
326324,laundering_cycle
326785,laundering_cycle
327100,mule_fanin
327399,mule_fanin
327617,mule_fanin
327696,laundering_cycle
327782,mule_fanin
327802,lapping
328051,mule_fanin
328472,laundering_cycle
328512,laundering_cycle
328718,mule_fanin
328776,laundering_cycle
328827,mule_fanin
328937,mule_fanin
329028,mule_fanin
329190,lapping
329230,mule_fanin
329270,mule_fanin
329280,invoice_kickback
329285,invoice_kickback
329397,laundering_cycle
329412,mule_fanin
329428,mule_fanin
329555,lapping
330042,laundering_cycle
330131,mule_fanin
330213,invoice_kickback
330275,mule_fanin
330842,lapping
331047,laundering_cycle
331228,laundering_cycle
331311,laundering_cycle
331343,larceny
331491,laundering_cycle
331909,laundering_cycle
332031,mule_fanin
332511,invoice_kickback
332513,laundering_cycle
333252,mule_fanin
333843,mule_fanin
333865,mule_fanin
333917,mule_fanin
333929,larceny
334296,invoice_kickback
334335,invoice_kickback
334420,mule_fanin
335206,mule_fanin
335413,invoice_kickback
335651,mule_fanin
335655,mule_fanin
336424,mule_fanin
336432,mule_fanin
337104,laundering_cycle
337106,laundering_cycle
337271,lapping
337364,invoice_kickback
337927,laundering_cycle
337984,invoice_kickback
338151,mule_fanin
339643,lapping
339768,mule_fanin
339951,invoice_kickback
340587,mule_fanin
340610,mule_fanin
340636,mule_fanin
340853,mule_fanin
340870,mule_fanin
341040,mule_fanin
341123,laundering_cycle
341180,laundering_cycle
341521,mule_fanin
341576,mule_fanin
341610,mule_fanin
341899,mule_fanin
342230,mule_fanin
342836,lapping
343092,laundering_cycle
343105,laundering_cycle
343361,laundering_cycle
343672,mule_fanin
343781,laundering_cycle
343789,mule_fanin
344150,mule_fanin
344333,laundering_cycle
344886,mule_fanin
345341,laundering_cycle
345997,mule_fanin
346827,laundering_cycle
346877,mule_fanin
346916,mule_fanin
346930,laundering_cycle
346938,laundering_cycle
346941,laundering_cycle
347095,laundering_cycle
347181,laundering_cycle
347187,laundering_cycle
347238,laundering_cycle
347258,larceny
347317,larceny
347458,lapping
347558,larceny
347682,laundering_cycle
347817,laundering_cycle
347846,invoice_kickback
347851,laundering_cycle
347868,laundering_cycle
347913,mule_fanin
347947,laundering_cycle
347951,mule_fanin
348100,mule_fanin
348161,mule_fanin
348675,mule_fanin
348720,laundering_cycle
348724,mule_fanin
348752,mule_fanin
349129,invoice_kickback
349166,mule_fanin
349531,mule_fanin
349577,lapping
349666,laundering_cycle
350144,mule_fanin
350279,mule_fanin
350282,laundering_cycle
350319,mule_fanin
350648,lapping
350741,lapping
350837,mule_fanin
350843,lapping
351234,laundering_cycle
351241,laundering_cycle
351264,laundering_cycle
351718,mule_fanin
351940,invoice_kickback
352006,laundering_cycle
352095,laundering_cycle
352149,laundering_cycle
352429,invoice_kickback
352505,laundering_cycle
352631,laundering_cycle
353596,laundering_cycle
353609,mule_fanin
353626,mule_fanin
353666,laundering_cycle
353690,laundering_cycle
353699,laundering_cycle
353779,laundering_cycle
353975,laundering_cycle
354059,laundering_cycle
354224,mule_fanin
354364,lapping
354406,lapping
354695,mule_fanin
354815,larceny
354913,laundering_cycle
355274,mule_fanin
356133,mule_fanin
356188,laundering_cycle
356283,laundering_cycle
356307,laundering_cycle
356390,laundering_cycle
356533,laundering_cycle
356627,laundering_cycle
356707,laundering_cycle
356737,invoice_kickback
356827,laundering_cycle
356832,laundering_cycle
357811,mule_fanin
357976,laundering_cycle
358616,mule_fanin
358765,laundering_cycle
358777,lapping
359559,larceny
360055,mule_fanin
360278,laundering_cycle
360280,laundering_cycle
360300,laundering_cycle
360322,laundering_cycle
360324,mule_fanin
360363,mule_fanin
360493,mule_fanin
360498,invoice_kickback
360565,lapping
360599,invoice_kickback
360605,mule_fanin
361819,laundering_cycle
362013,lapping
362862,laundering_cycle
362996,mule_fanin
363146,mule_fanin
363434,laundering_cycle
363715,mule_fanin
364175,mule_fanin
364633,lapping
364713,lapping
365313,mule_fanin
365359,mule_fanin
365772,laundering_cycle
366258,laundering_cycle
366530,laundering_cycle
366911,mule_fanin
367182,lapping
367282,mule_fanin
367823,invoice_kickback
367936,larceny
368165,laundering_cycle
368236,laundering_cycle
368681,mule_fanin
368686,invoice_kickback
368691,laundering_cycle
368696,mule_fanin
368702,laundering_cycle
368924,mule_fanin
368994,laundering_cycle
369083,invoice_kickback
369163,lapping
369280,lapping
369570,lapping
369611,lapping
369655,mule_fanin
369764,mule_fanin
369888,mule_fanin
369898,lapping
369902,larceny
370047,larceny
370234,mule_fanin
370299,mule_fanin
370393,mule_fanin
370412,mule_fanin
370741,invoice_kickback
371286,laundering_cycle
371590,larceny
371696,mule_fanin
371787,laundering_cycle
371870,laundering_cycle
371970,laundering_cycle
372269,invoice_kickback
372877,laundering_cycle
373383,invoice_kickback
373394,mule_fanin
373597,laundering_cycle
373679,laundering_cycle
373729,mule_fanin
373881,mule_fanin
374003,laundering_cycle
374125,laundering_cycle
374238,invoice_kickback
374809,laundering_cycle
374873,mule_fanin
374972,laundering_cycle
375238,mule_fanin
375521,mule_fanin
376075,laundering_cycle
376797,mule_fanin
376925,invoice_kickback
377292,mule_fanin
377519,mule_fanin
377875,laundering_cycle
378149,laundering_cycle
378377,mule_fanin
378484,laundering_cycle
378581,invoice_kickback
378931,mule_fanin
379151,mule_fanin
379204,lapping
379236,mule_fanin
380044,mule_fanin
380470,mule_fanin
381051,laundering_cycle
381142,lapping
381234,laundering_cycle
381237,laundering_cycle
381360,laundering_cycle
381434,lapping
381726,lapping
381859,laundering_cycle
382019,mule_fanin
382201,laundering_cycle
383596,laundering_cycle
383666,laundering_cycle
383676,laundering_cycle
383766,laundering_cycle
383863,laundering_cycle
383979,lapping
384089,laundering_cycle
384402,lapping
384837,mule_fanin
384853,mule_fanin
384870,laundering_cycle
384927,laundering_cycle
385219,mule_fanin
385524,invoice_kickback
385692,larceny
385922,invoice_kickback
385953,mule_fanin
385997,mule_fanin
386830,mule_fanin
387011,mule_fanin
387023,laundering_cycle
387030,laundering_cycle
387031,mule_fanin
387041,mule_fanin
387047,mule_fanin
387050,mule_fanin
387072,mule_fanin
387288,mule_fanin
387358,invoice_kickback
387380,mule_fanin
387446,mule_fanin
387515,invoice_kickback
387868,laundering_cycle
387953,lapping
388015,lapping
388024,mule_fanin
388178,larceny
388203,laundering_cycle
388887,mule_fanin
388907,mule_fanin
389075,mule_fanin
389118,larceny
389153,larceny
389608,mule_fanin
389662,mule_fanin
389672,larceny
389769,laundering_cycle
389953,lapping
389986,mule_fanin
390727,laundering_cycle
391132,lapping
391140,lapping
391394,lapping
391800,mule_fanin
392019,mule_fanin
392285,laundering_cycle
392768,invoice_kickback
392829,laundering_cycle
393044,laundering_cycle
393384,laundering_cycle
393486,mule_fanin
393546,laundering_cycle
393743,laundering_cycle
393763,laundering_cycle
394145,lapping
394172,laundering_cycle
394375,lapping
394586,lapping
394641,invoice_kickback
394761,laundering_cycle
395574,laundering_cycle
395788,laundering_cycle
396348,mule_fanin
396926,mule_fanin
397686,larceny
398085,lapping
398271,laundering_cycle
398530,mule_fanin
398548,laundering_cycle
398729,laundering_cycle
398746,mule_fanin
399901,mule_fanin
400387,invoice_kickback
400410,mule_fanin
400433,laundering_cycle
400578,laundering_cycle
400611,invoice_kickback
401429,mule_fanin
401553,lapping
401678,laundering_cycle
401781,lapping
403325,laundering_cycle
403486,laundering_cycle
403544,mule_fanin
403619,laundering_cycle
403625,laundering_cycle
403629,laundering_cycle
403632,laundering_cycle
403647,laundering_cycle
403810,invoice_kickback
404262,laundering_cycle
404302,mule_fanin
404758,laundering_cycle
404837,mule_fanin
404950,lapping
405082,invoice_kickback
405444,lapping
405642,laundering_cycle
406370,lapping
406411,mule_fanin
406455,invoice_kickback
407239,laundering_cycle
407307,laundering_cycle
407375,mule_fanin
407646,laundering_cycle
407651,laundering_cycle
407698,mule_fanin
407709,mule_fanin
407971,lapping
408249,larceny
408276,larceny
408712,invoice_kickback
409241,lapping
409691,laundering_cycle
409812,mule_fanin
409815,laundering_cycle
410164,laundering_cycle
410747,invoice_kickback
410780,larceny
411512,lapping
411517,mule_fanin
412081,mule_fanin
412149,lapping
413390,invoice_kickback
413807,mule_fanin
414250,invoice_kickback
414382,lapping
415281,larceny
415810,lapping
416527,invoice_kickback
416982,laundering_cycle
417391,larceny
417728,laundering_cycle
417804,larceny
417888,larceny
419955,laundering_cycle
421551,lapping
421849,lapping
422552,invoice_kickback
422639,laundering_cycle
423364,laundering_cycle
423593,mule_fanin
423856,laundering_cycle
424051,invoice_kickback
424565,lapping
425424,lapping
425920,larceny
425985,invoice_kickback
426536,lapping
426824,mule_fanin
427174,laundering_cycle
427359,laundering_cycle
427832,lapping
428298,lapping
429253,lapping
429385,invoice_kickback
430356,mule_fanin
430682,mule_fanin
430916,larceny
430944,lapping
430967,lapping
431099,invoice_kickback
431101,lapping
431365,mule_fanin
431498,larceny
431625,lapping
431781,lapping
432588,mule_fanin
432654,invoice_kickback
432842,laundering_cycle
432944,lapping
433160,lapping
433275,laundering_cycle
434154,mule_fanin
434505,lapping
435566,mule_fanin
435636,mule_fanin
436133,laundering_cycle
436195,laundering_cycle
436588,larceny
436649,larceny
437208,invoice_kickback
437505,invoice_kickback
437609,mule_fanin
437933,larceny
438649,invoice_kickback
438951,laundering_cycle
439254,lapping
439374,lapping
439476,invoice_kickback
439740,laundering_cycle
440275,laundering_cycle
440758,laundering_cycle
441978,lapping
442387,larceny
443019,lapping
443308,invoice_kickback
443870,mule_fanin
443911,mule_fanin
444024,mule_fanin
444036,laundering_cycle
444579,invoice_kickback
444674,mule_fanin
444864,lapping
445169,larceny
446093,lapping
446520,larceny
446550,laundering_cycle
448450,lapping
449080,laundering_cycle
449643,mule_fanin
449835,laundering_cycle
450273,laundering_cycle
450902,laundering_cycle
450931,mule_fanin
450954,mule_fanin
451192,larceny
451326,lapping
451467,lapping
451698,invoice_kickback
451926,lapping
452436,mule_fanin
452468,lapping
452752,mule_fanin
452799,mule_fanin
452819,invoice_kickback
453103,lapping
453254,larceny
453599,lapping
453652,lapping
453664,invoice_kickback
453840,lapping
454043,larceny
454077,invoice_kickback
454240,mule_fanin
454500,mule_fanin
455033,mule_fanin
455323,lapping
455599,lapping
455734,invoice_kickback
455793,invoice_kickback
456537,lapping
457069,mule_fanin
457084,invoice_kickback
457617,mule_fanin
457839,lapping
457840,mule_fanin
458626,invoice_kickback
459256,larceny
460218,invoice_kickback
460328,mule_fanin
461101,mule_fanin
462267,invoice_kickback
462342,lapping
462511,mule_fanin
462533,lapping
462636,mule_fanin
462666,mule_fanin
463287,mule_fanin
463816,invoice_kickback
464627,mule_fanin
464655,mule_fanin
465167,invoice_kickback
465541,invoice_kickback
465880,invoice_kickback
466271,lapping
466323,larceny
467893,mule_fanin
468244,invoice_kickback
468290,invoice_kickback
470205,larceny
471110,mule_fanin
471315,lapping
471583,lapping
471727,larceny
471940,lapping
472423,lapping
472589,larceny
473119,larceny
473143,laundering_cycle
473248,laundering_cycle
473341,lapping
473369,mule_fanin
473476,invoice_kickback
473484,larceny
473801,invoice_kickback
474011,mule_fanin
474171,mule_fanin
474998,lapping
475041,lapping
475206,larceny
475216,larceny
476279,lapping
476405,lapping
477308,mule_fanin
478288,lapping
478776,lapping
478889,larceny
479828,mule_fanin
480310,laundering_cycle
480438,mule_fanin
481171,mule_fanin
481625,laundering_cycle
481867,lapping
481990,mule_fanin
482219,laundering_cycle
482811,larceny
482878,mule_fanin
483314,lapping
484467,mule_fanin
485277,lapping
485295,lapping
485458,mule_fanin
485752,lapping
485787,laundering_cycle
485976,mule_fanin
486335,laundering_cycle
486367,laundering_cycle
486397,lapping
486568,larceny
486938,laundering_cycle
487947,laundering_cycle
488221,laundering_cycle
488327,lapping
488534,mule_fanin
489321,lapping
489872,larceny
490095,invoice_kickback
491464,lapping
491479,larceny
491516,invoice_kickback
491598,laundering_cycle
491973,laundering_cycle
492048,invoice_kickback
492132,laundering_cycle
492255,larceny
492442,laundering_cycle
492719,mule_fanin
493173,mule_fanin
493706,mule_fanin
493769,lapping
494321,mule_fanin
494393,invoice_kickback
494513,invoice_kickback
494514,lapping
494963,invoice_kickback
495085,larceny
495152,invoice_kickback
495321,invoice_kickback
495620,mule_fanin
495827,larceny
496821,lapping
496995,larceny
497383,invoice_kickback
498324,invoice_kickback
499110,invoice_kickback
499729,lapping
499741,laundering_cycle
500488,lapping
500875,laundering_cycle
500923,invoice_kickback
501561,mule_fanin
502913,mule_fanin
503529,mule_fanin
503914,invoice_kickback
504658,larceny
504829,laundering_cycle
504982,mule_fanin
505012,invoice_kickback
505412,laundering_cycle
506435,lapping
506473,lapping
508196,mule_fanin
508234,invoice_kickback
508503,lapping
508691,invoice_kickback
509051,laundering_cycle
509123,larceny
509160,laundering_cycle
509184,laundering_cycle
509404,larceny
509706,lapping
509755,invoice_kickback
509918,lapping
510320,laundering_cycle
510467,lapping
510511,laundering_cycle
510737,laundering_cycle
510991,laundering_cycle
511530,mule_fanin
511546,laundering_cycle
511646,laundering_cycle
511688,invoice_kickback
511726,invoice_kickback
511727,laundering_cycle
511905,laundering_cycle
511946,lapping
512061,mule_fanin
512076,laundering_cycle
512102,invoice_kickback
513188,invoice_kickback
513421,laundering_cycle
513574,larceny
513634,laundering_cycle
514046,mule_fanin
514456,laundering_cycle
514577,lapping
514611,lapping
514649,mule_fanin
514896,mule_fanin
515370,laundering_cycle
515383,laundering_cycle
515465,mule_fanin
515484,mule_fanin
515784,laundering_cycle
516307,lapping
516572,mule_fanin
516813,laundering_cycle
517109,laundering_cycle
517211,laundering_cycle
517270,mule_fanin
517283,laundering_cycle
517291,laundering_cycle
517298,laundering_cycle
517307,laundering_cycle
517309,laundering_cycle
517377,laundering_cycle
517656,invoice_kickback
517665,laundering_cycle
517740,laundering_cycle
517776,laundering_cycle
517901,lapping
518071,invoice_kickback
518160,laundering_cycle
518555,laundering_cycle
518915,laundering_cycle
518939,mule_fanin
520303,larceny
520318,lapping
520449,laundering_cycle
520669,laundering_cycle
521201,laundering_cycle
522117,laundering_cycle
522556,larceny
522983,lapping
522998,lapping
523238,invoice_kickback
523247,lapping
523348,lapping
523499,lapping
523766,lapping
523796,larceny
525080,laundering_cycle
525970,laundering_cycle
526946,lapping
528092,laundering_cycle
528204,laundering_cycle
528558,larceny
528612,invoice_kickback
528889,laundering_cycle
528943,laundering_cycle
528988,invoice_kickback
529315,laundering_cycle
529427,laundering_cycle
529442,laundering_cycle
529480,laundering_cycle
529509,laundering_cycle
529716,laundering_cycle
529838,invoice_kickback
530112,laundering_cycle
530322,mule_fanin
530660,invoice_kickback
530847,lapping
530978,invoice_kickback
531306,larceny
531437,lapping
532460,invoice_kickback
532910,laundering_cycle
533587,mule_fanin
533659,invoice_kickback
533839,lapping
533913,lapping
533933,invoice_kickback
534701,lapping
536091,laundering_cycle
536162,laundering_cycle
536293,invoice_kickback
536367,lapping
536781,laundering_cycle
536915,invoice_kickback
536920,larceny
537019,lapping
537093,larceny
537137,invoice_kickback
537226,laundering_cycle
537300,laundering_cycle
537385,lapping
537420,larceny
537450,mule_fanin
538047,laundering_cycle
538058,mule_fanin
538322,larceny
538335,laundering_cycle
538356,invoice_kickback
538488,lapping
538545,laundering_cycle
539085,larceny
539128,larceny
539558,mule_fanin
539639,mule_fanin
539922,laundering_cycle
540284,lapping
540507,larceny
540689,invoice_kickback
540916,larceny
541192,invoice_kickback
541414,larceny
541698,laundering_cycle
541801,lapping
542168,invoice_kickback
542332,laundering_cycle
542341,lapping
543268,invoice_kickback
543759,larceny
544264,larceny
544389,laundering_cycle
544489,larceny
544809,larceny
544859,lapping
545992,invoice_kickback
546619,laundering_cycle
546634,laundering_cycle
546637,mule_fanin
546674,laundering_cycle
546738,invoice_kickback
548113,invoice_kickback
548219,lapping
548233,laundering_cycle
548259,larceny
548636,laundering_cycle
548818,mule_fanin
548913,larceny
549382,lapping
549604,larceny
550077,invoice_kickback
550466,mule_fanin
550691,invoice_kickback
551148,lapping
551397,invoice_kickback
551874,mule_fanin
552034,larceny
553419,laundering_cycle
553520,mule_fanin
553649,laundering_cycle
553849,laundering_cycle
553873,mule_fanin
554074,lapping
554524,lapping
554585,lapping
554871,mule_fanin
554884,lapping
555116,invoice_kickback
555122,laundering_cycle
555397,larceny
555602,invoice_kickback
555738,mule_fanin
556034,invoice_kickback
557145,mule_fanin
557485,lapping
557609,mule_fanin
557624,lapping
557854,lapping
558039,lapping
558235,mule_fanin
558288,lapping
558467,larceny
558541,mule_fanin
558894,laundering_cycle
558979,mule_fanin
559095,laundering_cycle
559248,lapping
559403,laundering_cycle
559729,mule_fanin
559865,lapping
560055,invoice_kickback
560263,laundering_cycle
560321,larceny
560474,laundering_cycle
560755,laundering_cycle
560767,mule_fanin
560794,laundering_cycle
560883,laundering_cycle
561144,mule_fanin
561647,mule_fanin
561659,larceny
561762,mule_fanin
562461,lapping
564041,mule_fanin
564180,mule_fanin
564217,invoice_kickback
564530,lapping
564620,mule_fanin
564714,laundering_cycle
565236,lapping
565390,invoice_kickback
565930,laundering_cycle
565984,laundering_cycle
566176,lapping
566240,larceny
566316,lapping
567596,mule_fanin
568044,laundering_cycle
568205,invoice_kickback
568453,invoice_kickback
568488,laundering_cycle
568678,lapping
568750,larceny
568920,larceny
569150,invoice_kickback
569170,invoice_kickback
569491,larceny
569660,mule_fanin
569834,invoice_kickback
569891,mule_fanin
570434,mule_fanin
571078,mule_fanin
571096,mule_fanin
571110,mule_fanin
571346,invoice_kickback
571445,lapping
571486,larceny
571961,invoice_kickback
572293,mule_fanin
572323,laundering_cycle
573429,larceny
573458,mule_fanin
573795,mule_fanin
574150,invoice_kickback
574191,invoice_kickback
574268,mule_fanin
574374,mule_fanin
574530,mule_fanin
574808,invoice_kickback
575008,mule_fanin
575011,invoice_kickback
575390,larceny
575442,laundering_cycle
575631,lapping
575803,mule_fanin
575809,mule_fanin
575899,invoice_kickback
576032,lapping
576133,mule_fanin
576448,larceny
576469,invoice_kickback
576801,laundering_cycle
576838,laundering_cycle
576922,mule_fanin
577051,lapping
577353,laundering_cycle
577516,mule_fanin
577638,laundering_cycle
577730,laundering_cycle
577732,laundering_cycle
577770,invoice_kickback
578451,larceny
578528,invoice_kickback
578607,lapping
578802,laundering_cycle
578899,lapping
578965,laundering_cycle
579162,mule_fanin
579436,mule_fanin
579559,laundering_cycle
579632,mule_fanin
579959,larceny
580217,lapping
580239,laundering_cycle
580476,mule_fanin
580502,laundering_cycle
581270,mule_fanin
581337,mule_fanin
581363,mule_fanin
582123,lapping
582178,mule_fanin
582242,mule_fanin
583365,lapping
584108,mule_fanin
584273,mule_fanin
585632,mule_fanin
585875,invoice_kickback
585914,lapping
586044,lapping
586086,lapping
586179,invoice_kickback
586350,larceny
586379,lapping
586473,lapping
586959,lapping
587223,mule_fanin
587392,invoice_kickback
587990,mule_fanin
588611,mule_fanin
588876,mule_fanin
588952,mule_fanin
588980,mule_fanin
588991,mule_fanin
588995,mule_fanin
589002,mule_fanin
590172,lapping
590470,mule_fanin
590501,lapping
590511,mule_fanin
591330,invoice_kickback
591767,larceny
591846,invoice_kickback
591848,lapping
591865,mule_fanin
592241,mule_fanin
592908,mule_fanin
593081,mule_fanin
593106,invoice_kickback
593408,mule_fanin
593708,lapping
593710,larceny
593781,mule_fanin
594148,invoice_kickback
594171,larceny
595428,invoice_kickback
595703,lapping
595926,mule_fanin
596747,mule_fanin
597794,mule_fanin
597868,laundering_cycle
597872,laundering_cycle
598020,larceny
598081,invoice_kickback
598088,laundering_cycle
598317,lapping
598418,mule_fanin
599843,mule_fanin
599857,mule_fanin
600158,invoice_kickback
600253,laundering_cycle
600670,mule_fanin
600943,mule_fanin
601375,mule_fanin
601443,lapping
601516,laundering_cycle
601571,larceny
601695,laundering_cycle
601908,lapping
601996,lapping
602511,invoice_kickback
602568,larceny
602609,larceny
602653,invoice_kickback
603026,mule_fanin
603083,mule_fanin
603263,mule_fanin
603297,mule_fanin
603300,invoice_kickback
603438,mule_fanin
603449,lapping
603455,laundering_cycle
603505,invoice_kickback
603759,lapping
603958,mule_fanin
603960,invoice_kickback
604001,mule_fanin
604037,mule_fanin
604077,larceny
604097,larceny
604156,laundering_cycle
604250,lapping
604480,laundering_cycle
604775,invoice_kickback
604856,mule_fanin
604857,laundering_cycle
604864,invoice_kickback
604880,mule_fanin
605988,invoice_kickback
606228,mule_fanin
606249,invoice_kickback
606483,lapping
606678,laundering_cycle
606769,lapping
606898,lapping
607347,mule_fanin
607351,laundering_cycle
607592,mule_fanin
608197,laundering_cycle
608340,mule_fanin
608354,mule_fanin
608381,laundering_cycle
608386,mule_fanin
608522,larceny
608887,invoice_kickback
608965,invoice_kickback
608981,laundering_cycle
609244,mule_fanin
609524,lapping
609727,lapping
609778,laundering_cycle
610851,mule_fanin
611585,invoice_kickback
611612,laundering_cycle
611743,mule_fanin
611759,invoice_kickback
612342,lapping
613173,invoice_kickback
613404,lapping
613573,larceny
613795,mule_fanin
613903,lapping
614255,invoice_kickback
614271,lapping
614464,larceny
615070,mule_fanin
615078,invoice_kickback
615119,mule_fanin
615224,laundering_cycle
615252,invoice_kickback
615269,invoice_kickback
615279,laundering_cycle
615455,lapping
615883,mule_fanin
615936,larceny
616460,larceny
616889,mule_fanin
616951,mule_fanin
617365,mule_fanin
617936,mule_fanin
618476,mule_fanin
618708,invoice_kickback
618717,lapping
619723,mule_fanin
620048,lapping
620595,lapping
620657,invoice_kickback
620664,invoice_kickback
620849,mule_fanin
620858,lapping
621867,invoice_kickback
622057,mule_fanin
622263,invoice_kickback
622266,mule_fanin
622613,mule_fanin
622726,lapping
622835,mule_fanin
623476,mule_fanin
623519,lapping
623958,invoice_kickback
623967,mule_fanin
624028,mule_fanin
624297,lapping
624346,invoice_kickback
624483,larceny
624540,larceny
624573,invoice_kickback
624681,lapping
624702,invoice_kickback
624725,invoice_kickback
624729,lapping
624733,laundering_cycle
624827,invoice_kickback
624853,mule_fanin
624917,mule_fanin
624928,laundering_cycle
624979,larceny
625022,mule_fanin
625101,lapping
625126,laundering_cycle
625178,laundering_cycle
625538,mule_fanin
625564,laundering_cycle
625747,mule_fanin
626572,laundering_cycle
626817,larceny
627537,mule_fanin
627543,larceny
627790,larceny
627838,lapping
627959,lapping
629238,mule_fanin
629277,mule_fanin
629543,lapping
630113,lapping
630198,lapping
630318,laundering_cycle
630556,lapping
630816,laundering_cycle
630974,invoice_kickback
631084,lapping
631935,invoice_kickback
632070,invoice_kickback
632217,mule_fanin
632721,laundering_cycle
632736,laundering_cycle
632761,mule_fanin
633636,laundering_cycle
633663,mule_fanin
634046,lapping
634180,lapping
634694,laundering_cycle
634763,laundering_cycle
635017,laundering_cycle
635069,larceny
636518,mule_fanin
636562,mule_fanin
637027,lapping
637130,mule_fanin
637182,lapping
637200,invoice_kickback
637423,invoice_kickback
637776,lapping
638195,larceny
639258,mule_fanin
639831,invoice_kickback
640265,invoice_kickback
640776,mule_fanin
641862,lapping
642269,lapping
643206,laundering_cycle
643327,laundering_cycle
643360,mule_fanin
643576,lapping
643629,lapping
643725,larceny
643950,lapping
644052,lapping
644169,laundering_cycle
644648,invoice_kickback
645048,mule_fanin
645057,mule_fanin
645292,invoice_kickback
645304,laundering_cycle
645378,lapping
645380,laundering_cycle
645513,laundering_cycle
645631,lapping
645699,invoice_kickback
645708,lapping
645776,larceny
645891,invoice_kickback
645943,invoice_kickback
646145,laundering_cycle
646223,larceny
646263,larceny
646343,laundering_cycle
646929,invoice_kickback
646938,mule_fanin
646960,laundering_cycle
646984,mule_fanin
647046,larceny
647067,lapping
647247,laundering_cycle
647502,lapping
647634,larceny
647682,laundering_cycle
647874,laundering_cycle
648039,laundering_cycle
648397,lapping
648435,invoice_kickback
649308,invoice_kickback
649400,lapping
649401,lapping
649827,invoice_kickback
649950,mule_fanin
650027,larceny
650395,mule_fanin
650573,mule_fanin
650585,laundering_cycle
650593,mule_fanin
650816,invoice_kickback
651022,laundering_cycle
651027,mule_fanin
651349,larceny
653182,invoice_kickback
653689,mule_fanin
654137,mule_fanin
654158,mule_fanin
654164,mule_fanin
654179,mule_fanin
654469,laundering_cycle
654550,lapping
654552,lapping
654578,larceny
654604,lapping
654680,laundering_cycle
654714,lapping
654950,invoice_kickback
655128,invoice_kickback
655483,mule_fanin
655525,invoice_kickback
656160,invoice_kickback
656674,mule_fanin
656750,mule_fanin
656846,invoice_kickback
657686,invoice_kickback
657691,laundering_cycle
657698,mule_fanin
657808,laundering_cycle
657823,mule_fanin
657833,mule_fanin
657983,mule_fanin
658108,larceny
658401,lapping
658446,invoice_kickback
658456,lapping
658782,laundering_cycle
659814,lapping
659978,mule_fanin
660411,lapping
660531,mule_fanin
661159,invoice_kickback
661168,invoice_kickback
661429,mule_fanin
661579,lapping
661791,mule_fanin
661947,lapping
662493,mule_fanin
663017,mule_fanin
663092,laundering_cycle
663099,mule_fanin
663237,larceny
663459,mule_fanin
663536,lapping
664059,invoice_kickback
664490,mule_fanin
664590,mule_fanin
664726,mule_fanin
664785,mule_fanin
664908,larceny
665020,larceny
665089,lapping
665160,invoice_kickback
665166,mule_fanin
665259,lapping
665360,laundering_cycle
665397,lapping
665610,larceny
665801,mule_fanin
666042,laundering_cycle
666302,laundering_cycle
666423,mule_fanin
666506,laundering_cycle
666507,invoice_kickback
666522,laundering_cycle
666548,mule_fanin
666651,mule_fanin
666846,mule_fanin
666923,lapping
667032,mule_fanin
667113,lapping
667476,invoice_kickback
667483,mule_fanin
667488,mule_fanin
667572,lapping
667682,invoice_kickback
667701,larceny
667802,invoice_kickback
667821,laundering_cycle
667830,mule_fanin
667869,mule_fanin
667915,mule_fanin
668004,mule_fanin
668107,laundering_cycle
668304,laundering_cycle
668330,mule_fanin
668356,laundering_cycle
668403,mule_fanin
668417,mule_fanin
668431,mule_fanin
668455,larceny
668471,mule_fanin
669050,lapping
669070,mule_fanin
669494,larceny
670134,mule_fanin
670370,mule_fanin
670384,lapping
671050,mule_fanin
671065,invoice_kickback
671901,mule_fanin
671907,mule_fanin
671918,mule_fanin
671930,laundering_cycle
671932,mule_fanin
671935,mule_fanin
671936,laundering_cycle
671945,laundering_cycle
672005,invoice_kickback
672171,laundering_cycle
672176,laundering_cycle
672271,mule_fanin
672551,larceny
672763,laundering_cycle
672941,mule_fanin
673401,invoice_kickback
673729,mule_fanin
673757,lapping
673832,lapping
673883,invoice_kickback
674120,mule_fanin
674123,invoice_kickback
674296,laundering_cycle
674435,mule_fanin
674454,mule_fanin
674466,larceny
674973,mule_fanin
675387,mule_fanin
675400,mule_fanin
675440,mule_fanin
675914,mule_fanin
675921,invoice_kickback
675942,mule_fanin
676093,mule_fanin
676549,lapping
676637,lapping
676977,lapping
677410,lapping
678557,mule_fanin
679154,mule_fanin
679171,mule_fanin
679191,mule_fanin
679197,mule_fanin
679199,mule_fanin
679307,laundering_cycle
680006,mule_fanin
680277,mule_fanin
680357,lapping
680551,larceny
680585,mule_fanin
680597,lapping
680608,invoice_kickback
680626,laundering_cycle
680747,mule_fanin
680833,laundering_cycle
680944,larceny
680948,lapping
681290,invoice_kickback
681305,invoice_kickback
681419,larceny
682067,invoice_kickback
682215,laundering_cycle
682373,laundering_cycle
682484,mule_fanin
683227,laundering_cycle
683428,laundering_cycle
683439,invoice_kickback
683471,laundering_cycle
683473,mule_fanin
683786,mule_fanin
684164,lapping
684293,mule_fanin
684328,lapping
684420,mule_fanin
684434,mule_fanin
684448,larceny
684509,invoice_kickback
684737,larceny
684904,invoice_kickback
685180,mule_fanin
685230,mule_fanin
685411,laundering_cycle
685619,mule_fanin
685637,mule_fanin
686026,larceny
686493,larceny
687109,mule_fanin
687128,mule_fanin
687231,mule_fanin
687233,mule_fanin
687247,mule_fanin
687271,mule_fanin
687569,lapping
688186,lapping
688195,lapping
688216,laundering_cycle
688353,mule_fanin
688367,larceny
688514,lapping
688547,mule_fanin
688756,invoice_kickback
688848,mule_fanin
689034,invoice_kickback
689044,lapping
689104,larceny
689337,mule_fanin
689423,mule_fanin
689487,mule_fanin
689740,mule_fanin
689769,mule_fanin
689774,invoice_kickback
689972,laundering_cycle
690426,lapping
690560,laundering_cycle
690721,invoice_kickback
690851,invoice_kickback
691123,lapping
691197,invoice_kickback
691649,laundering_cycle
691750,laundering_cycle
691790,mule_fanin
691809,mule_fanin
691819,laundering_cycle
691826,laundering_cycle
691827,laundering_cycle
691831,laundering_cycle
691851,mule_fanin
691860,laundering_cycle
692197,laundering_cycle
692211,mule_fanin
692403,invoice_kickback
692623,mule_fanin
692760,laundering_cycle
692921,lapping
692971,lapping
693086,larceny
693137,mule_fanin
693198,invoice_kickback
693688,larceny
693826,mule_fanin
694005,lapping
694365,mule_fanin
694491,invoice_kickback
695262,mule_fanin
695839,mule_fanin
695864,mule_fanin
695870,mule_fanin
695926,invoice_kickback
696160,mule_fanin
696164,mule_fanin
696256,lapping
696287,larceny
696288,larceny
696399,lapping
696469,larceny
696709,invoice_kickback
696741,lapping
697215,lapping
697405,laundering_cycle
697800,larceny
697965,larceny
698509,invoice_kickback
699228,mule_fanin
699616,mule_fanin
699791,mule_fanin
699941,lapping
700164,mule_fanin
700247,larceny
700509,invoice_kickback
700975,laundering_cycle
701255,mule_fanin
701264,laundering_cycle
701481,laundering_cycle
701693,larceny
701767,lapping
702302,larceny
702448,laundering_cycle
702973,laundering_cycle
703315,laundering_cycle
703350,mule_fanin
703395,mule_fanin
703639,invoice_kickback
703734,mule_fanin
703746,laundering_cycle
704788,mule_fanin
705029,mule_fanin
705095,larceny
705358,mule_fanin
705917,mule_fanin
705968,mule_fanin
706157,laundering_cycle
706915,laundering_cycle
706917,mule_fanin
706944,laundering_cycle
706972,laundering_cycle
707215,mule_fanin
707247,lapping
707251,lapping
707305,laundering_cycle
707534,larceny
707567,larceny
707934,mule_fanin
708046,larceny
708151,lapping
708318,laundering_cycle
708484,larceny
708490,laundering_cycle
708643,laundering_cycle
709024,laundering_cycle
709780,laundering_cycle
710011,laundering_cycle
710158,mule_fanin
710370,laundering_cycle
710475,laundering_cycle
710481,laundering_cycle
710501,mule_fanin
710504,laundering_cycle
710529,mule_fanin
710613,laundering_cycle
710632,laundering_cycle
710637,laundering_cycle
710644,mule_fanin
710700,lapping
710722,larceny
710726,lapping
710776,lapping
710807,laundering_cycle
710870,lapping
711009,mule_fanin
711178,laundering_cycle
711192,laundering_cycle
711217,laundering_cycle
711313,laundering_cycle
711493,mule_fanin
711517,laundering_cycle
711584,mule_fanin
711629,laundering_cycle
711733,laundering_cycle
711886,lapping
712466,mule_fanin
712499,laundering_cycle
712535,mule_fanin
712558,mule_fanin
712874,invoice_kickback
713038,larceny
713052,larceny
713114,larceny
713131,mule_fanin
713167,laundering_cycle
713195,mule_fanin
713228,lapping
713312,lapping
713369,invoice_kickback
713500,laundering_cycle
713551,lapping
713712,larceny
713784,mule_fanin
714051,laundering_cycle
714244,mule_fanin
714308,mule_fanin
714350,mule_fanin
714351,laundering_cycle
714359,mule_fanin
714367,laundering_cycle
714381,mule_fanin
714383,laundering_cycle
714403,laundering_cycle
714414,laundering_cycle
714489,mule_fanin
714935,laundering_cycle
715028,lapping
715483,lapping
715506,mule_fanin
715771,laundering_cycle
716012,invoice_kickback
716137,laundering_cycle
716767,laundering_cycle
716839,mule_fanin
716853,invoice_kickback
716957,laundering_cycle
717012,lapping
717174,mule_fanin
717182,mule_fanin
717243,invoice_kickback
717919,mule_fanin
717952,invoice_kickback
718004,laundering_cycle
718016,invoice_kickback
718040,invoice_kickback
718046,mule_fanin
718062,laundering_cycle
718077,laundering_cycle
718087,laundering_cycle
718230,laundering_cycle
718673,larceny
718729,laundering_cycle
718869,mule_fanin
718884,mule_fanin
718953,lapping
719199,laundering_cycle
719243,mule_fanin
719577,mule_fanin
719604,laundering_cycle
719642,mule_fanin
719938,laundering_cycle
720019,invoice_kickback
720270,laundering_cycle
720294,invoice_kickback
720381,mule_fanin
720426,laundering_cycle
720569,laundering_cycle
720902,laundering_cycle
721092,laundering_cycle
721255,invoice_kickback
721332,laundering_cycle
721483,mule_fanin
721576,laundering_cycle
721578,laundering_cycle
721583,laundering_cycle
721594,laundering_cycle
721598,mule_fanin
721614,laundering_cycle
721650,laundering_cycle
721665,mule_fanin
722283,mule_fanin
722430,invoice_kickback
723261,laundering_cycle
723266,lapping
723624,lapping
723633,laundering_cycle
724324,mule_fanin
724340,mule_fanin
724496,mule_fanin
725359,mule_fanin
725475,laundering_cycle
725499,laundering_cycle
725507,mule_fanin
725510,laundering_cycle
725677,laundering_cycle
725698,laundering_cycle
725757,laundering_cycle
725826,invoice_kickback
725894,mule_fanin
725971,laundering_cycle
726335,laundering_cycle
726358,mule_fanin
726396,mule_fanin
726397,laundering_cycle
726473,larceny
726545,lapping
726906,invoice_kickback
726917,mule_fanin
726935,laundering_cycle
727116,invoice_kickback
727223,laundering_cycle
727695,mule_fanin
727865,laundering_cycle
728122,mule_fanin
728382,mule_fanin
728487,mule_fanin
729050,invoice_kickback
729074,mule_fanin
729639,larceny
730216,mule_fanin
730285,mule_fanin
730434,laundering_cycle
730471,laundering_cycle
730852,lapping
731210,laundering_cycle
731265,lapping
731291,lapping
731308,invoice_kickback
731326,laundering_cycle
731596,laundering_cycle
731936,mule_fanin
732143,laundering_cycle
732208,mule_fanin
732501,laundering_cycle
732504,mule_fanin
732513,mule_fanin
732523,laundering_cycle
732547,mule_fanin
732642,laundering_cycle
732735,mule_fanin
732840,mule_fanin
732882,laundering_cycle
733015,laundering_cycle
733115,laundering_cycle
733230,laundering_cycle
733622,laundering_cycle
733722,lapping
733754,mule_fanin
733787,laundering_cycle
733885,invoice_kickback
733945,invoice_kickback
733985,laundering_cycle
734145,invoice_kickback
734324,mule_fanin
734385,laundering_cycle
734411,laundering_cycle
734467,laundering_cycle
734480,mule_fanin
734535,laundering_cycle
734555,mule_fanin
734607,mule_fanin
734612,laundering_cycle
734614,lapping
734843,laundering_cycle
735063,laundering_cycle
735147,laundering_cycle
735205,larceny
735548,mule_fanin
735597,lapping
735647,lapping
735843,invoice_kickback
735864,larceny
735996,mule_fanin
736021,laundering_cycle
736036,mule_fanin
736088,laundering_cycle
736151,laundering_cycle
736168,mule_fanin
736204,invoice_kickback
736206,invoice_kickback
736234,laundering_cycle
736237,laundering_cycle
736260,laundering_cycle
736262,laundering_cycle
736266,mule_fanin
736278,mule_fanin
736295,laundering_cycle
736417,mule_fanin
736532,laundering_cycle
736781,lapping
736896,laundering_cycle
736968,larceny
737089,mule_fanin
737311,invoice_kickback
737726,lapping
738257,mule_fanin
738269,laundering_cycle
738308,laundering_cycle
738465,mule_fanin
738490,mule_fanin
738626,mule_fanin
738834,invoice_kickback
738851,mule_fanin
738875,mule_fanin
739011,mule_fanin
739227,laundering_cycle
739441,lapping
739738,laundering_cycle
739933,mule_fanin
739963,laundering_cycle
739981,laundering_cycle
739992,mule_fanin
740020,mule_fanin
740378,laundering_cycle
740480,lapping
740525,laundering_cycle
741075,lapping
741229,laundering_cycle
741329,mule_fanin
741552,laundering_cycle
741641,mule_fanin
741733,invoice_kickback
741791,laundering_cycle
741813,lapping
741986,invoice_kickback
742013,mule_fanin
742327,mule_fanin
742800,lapping
742912,invoice_kickback
743419,mule_fanin
743487,mule_fanin
743505,mule_fanin
743506,mule_fanin
743549,mule_fanin
743876,laundering_cycle
743890,invoice_kickback
744256,lapping
744891,laundering_cycle
745159,invoice_kickback
745330,laundering_cycle
745416,mule_fanin
745528,laundering_cycle
745614,invoice_kickback
745722,mule_fanin
746238,laundering_cycle
746366,mule_fanin
746522,mule_fanin
746813,mule_fanin
747263,mule_fanin
747274,mule_fanin
747311,mule_fanin
747375,lapping
747670,invoice_kickback
747895,mule_fanin
747952,laundering_cycle
748285,laundering_cycle
748399,larceny
748486,invoice_kickback
748615,lapping
748712,mule_fanin
749618,mule_fanin
749669,mule_fanin
749674,mule_fanin
749846,mule_fanin
750154,laundering_cycle
750256,laundering_cycle
750272,mule_fanin
750543,mule_fanin
750772,laundering_cycle
750811,laundering_cycle
750816,laundering_cycle
750843,mule_fanin
750892,laundering_cycle
750989,lapping
751059,mule_fanin
751087,laundering_cycle
751158,laundering_cycle
751323,laundering_cycle
751387,laundering_cycle
751408,invoice_kickback
751511,laundering_cycle
751608,lapping
751648,laundering_cycle
751730,larceny
751750,mule_fanin
751864,lapping
751929,laundering_cycle
752072,laundering_cycle
752197,lapping
752283,laundering_cycle
752430,invoice_kickback
752512,lapping
752578,laundering_cycle
752581,larceny
752612,mule_fanin
752642,mule_fanin
752807,mule_fanin
752960,invoice_kickback
753111,laundering_cycle
753193,invoice_kickback
753413,invoice_kickback
753564,mule_fanin
753765,laundering_cycle
754090,invoice_kickback
754276,mule_fanin
754283,mule_fanin
754305,mule_fanin
754414,larceny
754466,lapping
754832,mule_fanin
755195,mule_fanin
755213,mule_fanin
755224,mule_fanin
755239,lapping
755452,mule_fanin
755539,laundering_cycle
755675,invoice_kickback
755676,mule_fanin
756041,mule_fanin
756179,mule_fanin
756268,invoice_kickback
756293,mule_fanin
756607,lapping
756674,lapping
756678,invoice_kickback
756740,laundering_cycle
756810,invoice_kickback
756962,laundering_cycle
757125,laundering_cycle
757327,mule_fanin
757376,lapping
757491,laundering_cycle
757561,invoice_kickback
757568,invoice_kickback
757635,mule_fanin
757670,invoice_kickback
757711,invoice_kickback
757728,mule_fanin
757797,invoice_kickback
758025,laundering_cycle
758076,laundering_cycle
758084,mule_fanin
758088,mule_fanin
758090,laundering_cycle
758097,laundering_cycle
758111,mule_fanin
758120,laundering_cycle
758124,mule_fanin
758131,laundering_cycle
758138,laundering_cycle
758167,larceny
758432,larceny
758591,lapping
758689,laundering_cycle
758721,mule_fanin
758841,laundering_cycle
759226,mule_fanin
759713,laundering_cycle
759775,laundering_cycle
759810,laundering_cycle
760162,invoice_kickback
760366,larceny
760627,laundering_cycle
760706,lapping
760933,lapping
761208,laundering_cycle
761397,laundering_cycle
761518,mule_fanin
761605,laundering_cycle
761642,laundering_cycle
761662,laundering_cycle
761678,laundering_cycle
761737,mule_fanin
761742,laundering_cycle
761747,laundering_cycle
761756,laundering_cycle
761777,mule_fanin
761787,mule_fanin
761799,mule_fanin
761811,invoice_kickback
761828,mule_fanin
761952,mule_fanin
762429,lapping
762668,laundering_cycle
763080,mule_fanin
763284,mule_fanin
763354,invoice_kickback
763682,lapping
763722,larceny
764146,larceny
764402,mule_fanin
764534,mule_fanin
764581,mule_fanin
765261,mule_fanin
765288,mule_fanin
765751,larceny
766096,mule_fanin
766207,mule_fanin
766212,invoice_kickback
766242,larceny
766376,mule_fanin
766378,larceny
766506,laundering_cycle
766674,mule_fanin
766796,larceny
767171,lapping
767270,mule_fanin
767376,mule_fanin
767981,mule_fanin
767983,mule_fanin
768052,mule_fanin
768257,mule_fanin
768828,mule_fanin
769099,mule_fanin
769262,mule_fanin
769277,mule_fanin
769320,invoice_kickback
769322,mule_fanin
769539,mule_fanin
769833,invoice_kickback
769876,larceny
770032,mule_fanin
770036,mule_fanin
770059,lapping
770093,mule_fanin
770687,mule_fanin
770688,mule_fanin
770729,invoice_kickback
770761,mule_fanin
770865,larceny
770938,invoice_kickback
770953,invoice_kickback
771093,laundering_cycle
771196,larceny
771434,laundering_cycle
771457,mule_fanin
771686,laundering_cycle
771753,laundering_cycle
771786,mule_fanin
771862,laundering_cycle
771925,lapping
772105,mule_fanin
772402,mule_fanin
772641,mule_fanin
772833,mule_fanin
772881,laundering_cycle
772887,mule_fanin
772926,laundering_cycle
772948,mule_fanin
772989,lapping
773075,mule_fanin
773115,mule_fanin
773132,mule_fanin
773426,laundering_cycle
773615,mule_fanin
773629,lapping
773914,larceny
774146,mule_fanin
774169,lapping
774447,invoice_kickback
774751,mule_fanin
774766,invoice_kickback
774880,mule_fanin
775010,lapping
775077,mule_fanin
775196,lapping
775258,mule_fanin
775577,mule_fanin
775884,mule_fanin
776129,mule_fanin
776381,mule_fanin
776388,mule_fanin
776411,mule_fanin
776513,mule_fanin
776516,mule_fanin
776517,mule_fanin
776529,mule_fanin
776542,mule_fanin
776552,invoice_kickback
776558,mule_fanin
776586,mule_fanin
777009,mule_fanin
777243,mule_fanin
777408,larceny
777432,mule_fanin
777760,larceny
777765,mule_fanin
777806,lapping
777933,lapping
777998,mule_fanin
778045,invoice_kickback
778101,lapping
778301,invoice_kickback
778343,mule_fanin
778388,mule_fanin
778516,mule_fanin
778576,lapping
778676,mule_fanin
778785,laundering_cycle
778919,mule_fanin
779020,laundering_cycle
779058,mule_fanin
779266,laundering_cycle
779315,mule_fanin
779395,mule_fanin
779399,mule_fanin
779409,mule_fanin
779411,mule_fanin
779427,mule_fanin
779432,mule_fanin
779434,mule_fanin
779436,mule_fanin
779784,lapping
779829,invoice_kickback
779975,larceny
779995,mule_fanin
780010,mule_fanin
780016,larceny
780039,lapping
780092,mule_fanin
780321,larceny
780432,larceny
780500,larceny
780502,mule_fanin
780636,lapping
780644,larceny
780724,mule_fanin
780942,mule_fanin
781003,mule_fanin
781015,mule_fanin
781079,mule_fanin
781240,mule_fanin
781278,mule_fanin
781299,mule_fanin
781393,mule_fanin
781472,mule_fanin
781499,mule_fanin
781592,mule_fanin
782564,mule_fanin
782865,larceny
783495,laundering_cycle
783499,mule_fanin
783852,mule_fanin
784130,lapping
784187,mule_fanin
784511,mule_fanin
784606,mule_fanin
784661,invoice_kickback
784753,mule_fanin
784898,mule_fanin
785208,mule_fanin
785625,laundering_cycle
785639,laundering_cycle
785649,mule_fanin
785669,laundering_cycle
785796,invoice_kickback
786372,mule_fanin
786458,lapping
786489,mule_fanin
786544,larceny
786628,mule_fanin
786742,larceny
786799,mule_fanin
787009,larceny
787105,larceny
787106,lapping
787225,mule_fanin
787642,lapping
788117,lapping
788352,mule_fanin
788510,laundering_cycle
788557,mule_fanin
788590,lapping
788703,invoice_kickback
788801,larceny
788816,lapping
789391,laundering_cycle
789412,mule_fanin
789533,mule_fanin
789968,mule_fanin
789995,invoice_kickback
790010,mule_fanin
790201,laundering_cycle
790236,laundering_cycle
790245,mule_fanin
790246,invoice_kickback
790258,mule_fanin
790262,laundering_cycle
790263,mule_fanin
790691,invoice_kickback
790850,laundering_cycle
790998,invoice_kickback
791072,mule_fanin
791186,laundering_cycle
791489,laundering_cycle
791524,invoice_kickback
791607,larceny
791961,mule_fanin
792514,laundering_cycle
793009,laundering_cycle
793211,laundering_cycle
793945,mule_fanin
793977,mule_fanin
794166,mule_fanin
794234,mule_fanin
794238,mule_fanin
794244,mule_fanin
794268,mule_fanin
794275,invoice_kickback
794320,mule_fanin
794338,mule_fanin
794413,mule_fanin
794449,lapping
794561,invoice_kickback
794572,larceny
794828,lapping
794886,mule_fanin
795155,invoice_kickback
795529,lapping
795953,lapping
796475,lapping
797569,mule_fanin
798139,mule_fanin
798279,mule_fanin
798335,mule_fanin
798551,invoice_kickback
798683,lapping
798923,larceny
799118,laundering_cycle
799480,invoice_kickback
799523,mule_fanin
799839,mule_fanin
799993,larceny
800454,mule_fanin
800470,larceny
800482,lapping
800608,laundering_cycle
801211,mule_fanin
801756,mule_fanin
801761,mule_fanin
801808,mule_fanin
801967,lapping
802236,mule_fanin
802268,mule_fanin
802370,lapping
802396,lapping
802509,larceny
802573,invoice_kickback
802854,mule_fanin
803097,laundering_cycle
803477,mule_fanin
803488,laundering_cycle
803524,mule_fanin
803563,lapping
803878,mule_fanin
803881,invoice_kickback
803891,invoice_kickback
803912,laundering_cycle
803916,mule_fanin
804433,invoice_kickback
804437,lapping
804536,lapping
804550,larceny
804628,laundering_cycle
804734,mule_fanin
804937,mule_fanin
805031,invoice_kickback
805061,invoice_kickback
805133,invoice_kickback
805214,invoice_kickback
805321,mule_fanin
805562,mule_fanin
805669,laundering_cycle
805689,laundering_cycle
805722,mule_fanin
805744,mule_fanin
806012,mule_fanin
806228,lapping
806655,larceny
806754,lapping
806959,lapping
807258,laundering_cycle
807350,lapping
807416,lapping
807504,larceny
807625,laundering_cycle
807719,invoice_kickback
807958,mule_fanin
808201,invoice_kickback
808250,invoice_kickback
808306,laundering_cycle
808310,laundering_cycle
808401,mule_fanin
809261,laundering_cycle
809300,laundering_cycle
809320,mule_fanin
809347,laundering_cycle
809387,invoice_kickback
809908,mule_fanin
809989,larceny
810056,lapping
810066,lapping
810142,lapping
810211,larceny
810281,lapping
810625,larceny
810632,invoice_kickback
810877,lapping
811082,invoice_kickback
811123,laundering_cycle
811833,mule_fanin
812408,mule_fanin
812740,laundering_cycle
812781,mule_fanin
812832,laundering_cycle
812841,laundering_cycle
812927,mule_fanin
813360,mule_fanin
813662,lapping
813841,mule_fanin
813875,larceny
813949,mule_fanin
814089,lapping
814259,larceny
814419,lapping
814600,lapping
814772,mule_fanin
815243,lapping
815329,larceny
816499,mule_fanin
816881,mule_fanin
816893,mule_fanin
817466,mule_fanin
817822,lapping
817931,laundering_cycle
817959,mule_fanin
818015,lapping
818211,invoice_kickback
818223,mule_fanin
818365,invoice_kickback
818946,laundering_cycle
819139,larceny
820387,mule_fanin
820390,mule_fanin
820442,mule_fanin
821217,larceny
821225,laundering_cycle
821655,lapping
821931,mule_fanin
822094,lapping
822509,mule_fanin
822706,laundering_cycle
823181,mule_fanin
823211,mule_fanin
824010,mule_fanin
824091,mule_fanin
824127,mule_fanin
824254,mule_fanin
824272,mule_fanin
824301,invoice_kickback
824429,lapping
824527,invoice_kickback
824543,lapping
824822,laundering_cycle
824896,mule_fanin
825026,lapping
825058,mule_fanin
825132,lapping
825178,larceny
825326,mule_fanin
825520,lapping
825999,mule_fanin
826048,invoice_kickback
826069,mule_fanin
826144,mule_fanin
826188,lapping
826197,invoice_kickback
826201,mule_fanin
826245,invoice_kickback
826414,lapping
826423,mule_fanin
826443,mule_fanin
826480,mule_fanin
826481,invoice_kickback
826556,larceny
826663,larceny
826702,lapping
826722,laundering_cycle
826928,lapping
826954,mule_fanin
827092,laundering_cycle
827636,laundering_cycle
827654,mule_fanin
827712,mule_fanin
827919,laundering_cycle
827970,laundering_cycle
827975,laundering_cycle
827990,laundering_cycle
827995,mule_fanin
828361,mule_fanin
828468,laundering_cycle
828526,mule_fanin
828591,invoice_kickback
828608,larceny
829014,mule_fanin
829454,larceny
829993,laundering_cycle
830215,mule_fanin
830308,lapping
831628,mule_fanin
831704,mule_fanin
831731,laundering_cycle
831741,mule_fanin
831903,lapping
831983,mule_fanin
832228,larceny
832235,lapping
832354,lapping
832377,laundering_cycle
832394,mule_fanin
832474,laundering_cycle
832684,lapping
832763,lapping
832816,larceny
832864,larceny
832918,lapping
833041,invoice_kickback
833070,invoice_kickback
833224,laundering_cycle
833352,mule_fanin
833430,lapping
833895,laundering_cycle
834032,lapping
834072,laundering_cycle
834110,laundering_cycle
834266,mule_fanin
834325,larceny
834365,larceny
834397,invoice_kickback
834632,mule_fanin
834804,laundering_cycle
834942,laundering_cycle
835147,mule_fanin
835428,invoice_kickback
836025,laundering_cycle
836178,mule_fanin
836247,mule_fanin
836358,lapping
836514,larceny
836641,laundering_cycle
836715,laundering_cycle
836740,larceny
836860,lapping
837040,mule_fanin
837054,lapping
837282,invoice_kickback
837426,invoice_kickback
837704,mule_fanin
838366,mule_fanin
838743,lapping
838928,laundering_cycle
839155,mule_fanin
839765,larceny
840034,lapping
840427,lapping
840481,invoice_kickback
840482,invoice_kickback
840615,lapping
841073,mule_fanin
841288,larceny
841345,mule_fanin
841454,lapping
841580,invoice_kickback
841649,invoice_kickback
841943,laundering_cycle
841981,lapping
842247,larceny
842770,invoice_kickback
842796,mule_fanin
842848,mule_fanin
843086,lapping
843299,lapping
843534,mule_fanin
843696,mule_fanin
843889,invoice_kickback
843954,mule_fanin
844184,laundering_cycle
844853,laundering_cycle
844971,mule_fanin
845448,mule_fanin
845655,laundering_cycle
845762,mule_fanin
846297,mule_fanin
846338,mule_fanin
846358,mule_fanin
846497,invoice_kickback
846594,mule_fanin
846671,lapping
846705,mule_fanin
846735,larceny
846819,larceny
847043,mule_fanin
847082,invoice_kickback
847261,larceny
847272,mule_fanin
847273,mule_fanin
847299,mule_fanin
847365,mule_fanin
847480,laundering_cycle
847617,mule_fanin
847771,mule_fanin
847986,laundering_cycle
848161,mule_fanin
848170,mule_fanin
848387,mule_fanin
848397,mule_fanin
848416,laundering_cycle
848499,mule_fanin
848500,mule_fanin
848502,larceny
848842,mule_fanin
848945,lapping
848951,lapping
848965,laundering_cycle
849025,larceny
849039,lapping
849041,lapping
849132,invoice_kickback
849173,lapping
849560,lapping
849602,mule_fanin
849670,invoice_kickback
849801,mule_fanin
850041,mule_fanin
850189,mule_fanin
850208,mule_fanin
850264,mule_fanin
850265,mule_fanin
850271,mule_fanin
850291,mule_fanin
850308,mule_fanin
850312,mule_fanin
850333,mule_fanin
850356,mule_fanin
850568,mule_fanin
850756,larceny
850776,lapping
850900,mule_fanin
850946,invoice_kickback
850990,invoice_kickback
851214,mule_fanin
851419,lapping
851436,mule_fanin
851442,lapping
851734,mule_fanin
851914,mule_fanin
852111,lapping
852376,larceny
852500,lapping
852573,laundering_cycle
852750,mule_fanin
852823,larceny
853025,mule_fanin
853078,laundering_cycle
853129,lapping
853334,mule_fanin
853361,mule_fanin
853956,mule_fanin
854074,mule_fanin
854080,laundering_cycle
854106,mule_fanin
854108,mule_fanin
854153,mule_fanin
854273,laundering_cycle
854519,lapping
854760,mule_fanin
854879,mule_fanin
855001,lapping
855138,laundering_cycle
855481,mule_fanin
855524,mule_fanin
855585,laundering_cycle
855642,larceny
855676,mule_fanin
855792,larceny
856176,lapping
856388,mule_fanin
856389,mule_fanin
856520,invoice_kickback
856704,mule_fanin
856812,mule_fanin
856944,mule_fanin
857248,mule_fanin
857261,mule_fanin
857621,mule_fanin
857658,mule_fanin
857681,mule_fanin
857695,mule_fanin
857696,mule_fanin
857745,mule_fanin
857989,mule_fanin
858000,mule_fanin
858427,laundering_cycle
858429,invoice_kickback
858508,mule_fanin
858538,lapping
858769,lapping
858780,lapping
858838,mule_fanin
858932,lapping
859020,larceny
859028,laundering_cycle
859563,larceny
859616,laundering_cycle
859755,mule_fanin
860375,laundering_cycle
860591,mule_fanin
860617,mule_fanin
860733,invoice_kickback
860990,mule_fanin
861715,mule_fanin
861742,mule_fanin
861745,mule_fanin
861782,mule_fanin
861791,mule_fanin
861805,mule_fanin
861806,mule_fanin
862167,invoice_kickback
862336,laundering_cycle
862357,lapping
862412,lapping
862483,mule_fanin
862542,mule_fanin
862858,lapping
862918,larceny
862949,invoice_kickback
863022,laundering_cycle
863169,mule_fanin
863582,lapping
863738,larceny
863833,mule_fanin
863855,invoice_kickback
863940,mule_fanin
864006,laundering_cycle
864026,mule_fanin
864068,mule_fanin
864148,lapping
864192,invoice_kickback
864252,invoice_kickback
864401,mule_fanin
864674,mule_fanin
864989,invoice_kickback
865250,mule_fanin
865361,mule_fanin
865419,laundering_cycle
865432,laundering_cycle
865457,invoice_kickback
865461,laundering_cycle
865497,mule_fanin
865593,laundering_cycle
865683,mule_fanin
865789,laundering_cycle
866026,larceny
866139,larceny
866143,mule_fanin
866232,invoice_kickback
866353,lapping
866424,laundering_cycle
866505,invoice_kickback
866702,mule_fanin
866778,mule_fanin
867100,mule_fanin
867185,laundering_cycle
867453,mule_fanin
867499,invoice_kickback
867642,invoice_kickback
867794,larceny
867939,mule_fanin
868348,mule_fanin
868526,mule_fanin
868604,mule_fanin
868757,laundering_cycle
868885,mule_fanin
869016,mule_fanin
869030,mule_fanin
869045,mule_fanin
869057,laundering_cycle
869059,mule_fanin
869186,mule_fanin
869195,mule_fanin
869279,mule_fanin
869365,larceny
869420,laundering_cycle
869515,mule_fanin
869547,lapping
869582,invoice_kickback
869700,larceny
869740,mule_fanin
869759,laundering_cycle
869771,lapping
869984,mule_fanin
870088,mule_fanin
870235,mule_fanin
870242,mule_fanin
870307,lapping
870455,lapping
870483,lapping
870707,mule_fanin
870711,mule_fanin
870772,mule_fanin
871056,mule_fanin
871116,mule_fanin
871117,mule_fanin
871124,mule_fanin
871126,mule_fanin
871149,mule_fanin
871152,mule_fanin
871170,mule_fanin
871184,laundering_cycle
871235,lapping
871415,laundering_cycle
871419,larceny
871421,laundering_cycle
871426,mule_fanin
871481,mule_fanin
871517,laundering_cycle
871524,mule_fanin
871529,mule_fanin
871652,mule_fanin
871705,laundering_cycle
871788,lapping
871790,lapping
871824,lapping
871829,mule_fanin
871834,laundering_cycle
871855,lapping
871952,mule_fanin
871982,laundering_cycle
871983,mule_fanin
872229,lapping
872243,invoice_kickback
872252,laundering_cycle
872254,mule_fanin
872269,lapping
872511,mule_fanin
872524,laundering_cycle
872584,laundering_cycle
872654,mule_fanin
872673,laundering_cycle
872745,mule_fanin
872823,laundering_cycle
872858,laundering_cycle
872868,mule_fanin
872871,mule_fanin
872876,mule_fanin
872877,mule_fanin
872879,mule_fanin
872898,mule_fanin
872910,mule_fanin
872921,invoice_kickback
872983,mule_fanin
873072,invoice_kickback
873308,invoice_kickback
873310,larceny
873322,mule_fanin
873846,invoice_kickback
873937,mule_fanin
873964,mule_fanin
874197,laundering_cycle
874411,laundering_cycle
874439,lapping
874499,mule_fanin
874539,mule_fanin
874551,mule_fanin
874865,laundering_cycle
874985,larceny
875009,mule_fanin
875070,lapping
875072,lapping
875246,mule_fanin
875325,invoice_kickback
875662,mule_fanin
875685,mule_fanin
875729,mule_fanin
875890,mule_fanin
876084,lapping
876130,lapping
876150,laundering_cycle
876267,lapping
876376,mule_fanin
876528,invoice_kickback
876575,mule_fanin
876716,mule_fanin
876846,mule_fanin
877008,mule_fanin
877309,mule_fanin
877310,mule_fanin
877528,laundering_cycle
877545,mule_fanin
877552,mule_fanin
877572,mule_fanin
877708,mule_fanin
878154,mule_fanin
878269,laundering_cycle
878333,lapping
878400,invoice_kickback
878426,laundering_cycle
878548,larceny
878560,lapping
878691,mule_fanin
878736,invoice_kickback
878802,invoice_kickback
879254,mule_fanin
879564,mule_fanin
879685,mule_fanin
879732,mule_fanin
879784,mule_fanin
879856,invoice_kickback
880262,lapping
880473,mule_fanin
880679,mule_fanin
880733,mule_fanin
880743,mule_fanin
880930,larceny
880966,invoice_kickback
881322,mule_fanin
881661,mule_fanin
881672,laundering_cycle
881678,mule_fanin
881687,mule_fanin
881692,mule_fanin
881703,mule_fanin
881715,laundering_cycle
881839,mule_fanin
881917,invoice_kickback
882240,mule_fanin
882591,mule_fanin
882635,mule_fanin
882638,invoice_kickback
882666,mule_fanin
882692,invoice_kickback
882738,invoice_kickback
882777,mule_fanin
882825,mule_fanin
882937,mule_fanin
882998,laundering_cycle
883131,mule_fanin
883276,mule_fanin
883380,laundering_cycle
883672,larceny
883711,lapping
883882,mule_fanin
883893,laundering_cycle
884017,larceny
884121,laundering_cycle
884847,lapping
884927,laundering_cycle
885217,mule_fanin
885252,mule_fanin
885360,laundering_cycle
885548,mule_fanin
885932,mule_fanin
885939,laundering_cycle
885954,laundering_cycle
885961,mule_fanin
885964,mule_fanin
885966,laundering_cycle
885969,mule_fanin
885974,mule_fanin
885982,mule_fanin
885986,laundering_cycle
885987,mule_fanin
885989,laundering_cycle
886009,invoice_kickback
886015,mule_fanin
886878,lapping
886949,laundering_cycle
886993,larceny
887074,larceny
887192,mule_fanin
887205,lapping
887425,mule_fanin
887486,laundering_cycle
887629,mule_fanin
887690,lapping
888155,invoice_kickback
888304,laundering_cycle
888360,laundering_cycle
888406,laundering_cycle
888485,mule_fanin
888613,lapping
888796,laundering_cycle
888812,lapping
888841,laundering_cycle
888948,laundering_cycle
888957,mule_fanin
889357,mule_fanin
889365,lapping
889491,laundering_cycle
889607,larceny
889851,invoice_kickback
890160,laundering_cycle
890403,laundering_cycle
890629,invoice_kickback
890633,laundering_cycle
890642,laundering_cycle
890683,invoice_kickback
890686,laundering_cycle
890720,mule_fanin
891014,lapping
891021,laundering_cycle
891213,mule_fanin
891234,mule_fanin
891253,invoice_kickback
891447,invoice_kickback
891464,lapping
891494,mule_fanin
892101,mule_fanin
892362,mule_fanin
892396,laundering_cycle
892883,mule_fanin
893188,mule_fanin
893209,larceny
893858,laundering_cycle
893994,laundering_cycle
894237,laundering_cycle
894572,laundering_cycle
894748,mule_fanin
894827,laundering_cycle
894830,laundering_cycle
894832,laundering_cycle
894845,laundering_cycle
894853,laundering_cycle
894854,invoice_kickback
894856,mule_fanin
894937,laundering_cycle
894947,laundering_cycle
895016,invoice_kickback
895028,mule_fanin
895060,larceny
895163,lapping
895215,laundering_cycle
895287,invoice_kickback
895291,lapping
895322,mule_fanin
895334,laundering_cycle
895372,laundering_cycle
895502,mule_fanin
895526,laundering_cycle
895546,laundering_cycle
895702,mule_fanin
895711,laundering_cycle
895797,laundering_cycle
895969,lapping
896115,laundering_cycle
896164,lapping
896271,laundering_cycle
896494,mule_fanin
896535,laundering_cycle
896812,mule_fanin
896916,mule_fanin
896927,laundering_cycle
896931,mule_fanin
896942,laundering_cycle
896945,mule_fanin
896947,mule_fanin
896957,mule_fanin
896985,laundering_cycle
897098,laundering_cycle
897365,larceny
897410,laundering_cycle
897457,laundering_cycle
897762,laundering_cycle
897918,larceny
897986,invoice_kickback
898037,laundering_cycle
898054,larceny
898089,lapping
898114,laundering_cycle
898220,larceny
898245,invoice_kickback
898328,laundering_cycle
898354,mule_fanin
898535,mule_fanin
898562,mule_fanin
898789,mule_fanin
898791,laundering_cycle
898802,mule_fanin
898815,laundering_cycle
898823,mule_fanin
898857,laundering_cycle
899108,lapping
899146,lapping
899165,lapping
899226,laundering_cycle
899582,lapping
899595,lapping
899701,laundering_cycle
900024,mule_fanin
900351,lapping
900452,mule_fanin
900707,larceny
900744,lapping
900748,invoice_kickback
900977,laundering_cycle
901306,laundering_cycle
901610,mule_fanin
901660,laundering_cycle
902188,invoice_kickback
902215,invoice_kickback
902428,invoice_kickback
902473,mule_fanin
902542,mule_fanin
902596,mule_fanin
902758,mule_fanin
902996,mule_fanin
903104,mule_fanin
903148,mule_fanin
903180,mule_fanin
903203,mule_fanin
903406,lapping
903593,larceny
903681,mule_fanin
903744,mule_fanin
903784,lapping
903881,mule_fanin
903967,mule_fanin
904593,invoice_kickback
904822,larceny
905098,invoice_kickback
905212,mule_fanin
905960,laundering_cycle
905989,laundering_cycle
906009,mule_fanin
906037,mule_fanin
906225,mule_fanin
906299,mule_fanin
906334,mule_fanin
906336,mule_fanin
906343,mule_fanin
906352,laundering_cycle
906377,mule_fanin
906378,mule_fanin
906392,invoice_kickback
906455,laundering_cycle
906635,mule_fanin
907080,mule_fanin
907140,lapping
907243,lapping
907246,invoice_kickback
907429,invoice_kickback
907468,mule_fanin
907511,invoice_kickback
908271,invoice_kickback
908276,invoice_kickback
908306,mule_fanin
908400,invoice_kickback
908947,lapping
909041,mule_fanin
909052,lapping
909138,lapping
909455,mule_fanin
909637,mule_fanin
909709,mule_fanin
910064,mule_fanin
910372,laundering_cycle
910375,mule_fanin
910379,mule_fanin
910389,laundering_cycle
910399,laundering_cycle
910406,invoice_kickback
910422,mule_fanin
910475,mule_fanin
910565,mule_fanin
910726,lapping
910872,lapping
910967,lapping
911124,lapping
911271,invoice_kickback
911297,invoice_kickback
911672,larceny
911761,larceny
912171,mule_fanin
912181,mule_fanin
912539,lapping
912545,laundering_cycle
912707,mule_fanin
912977,lapping
912998,lapping
913073,mule_fanin
913886,invoice_kickback
914071,mule_fanin
914099,laundering_cycle
914106,laundering_cycle
914634,mule_fanin
914838,invoice_kickback
914866,mule_fanin
914930,mule_fanin
915027,larceny
915216,mule_fanin
915219,larceny
915305,mule_fanin
915564,mule_fanin
915584,mule_fanin
915865,larceny
916479,mule_fanin
916748,laundering_cycle
916992,mule_fanin
917063,mule_fanin
917202,laundering_cycle
917714,mule_fanin
917730,invoice_kickback
917733,mule_fanin
917735,mule_fanin
917757,mule_fanin
917845,laundering_cycle
917878,laundering_cycle
917973,invoice_kickback
918025,mule_fanin
918067,laundering_cycle
918273,larceny
918296,mule_fanin
918516,laundering_cycle
918564,lapping
918592,mule_fanin
918693,lapping
918709,mule_fanin
918745,laundering_cycle
918933,lapping
918961,lapping
919013,lapping
919045,mule_fanin
919243,larceny
919276,laundering_cycle
919328,lapping
919399,invoice_kickback
919478,mule_fanin
919499,mule_fanin
919554,mule_fanin
919745,mule_fanin
919750,mule_fanin
919759,mule_fanin
919797,mule_fanin
919799,laundering_cycle
919812,mule_fanin
919814,laundering_cycle
919834,laundering_cycle
919989,invoice_kickback
920149,mule_fanin
920232,larceny
920243,larceny
920314,laundering_cycle
920431,mule_fanin
920474,invoice_kickback
920507,larceny
920539,mule_fanin
920542,mule_fanin
920568,mule_fanin
920639,mule_fanin
920643,invoice_kickback
920696,laundering_cycle
920700,lapping
920755,mule_fanin
920804,laundering_cycle
920943,invoice_kickback
920961,lapping
921038,mule_fanin
921041,laundering_cycle
921199,mule_fanin
921308,mule_fanin
921405,mule_fanin
921440,laundering_cycle
921546,mule_fanin
921547,laundering_cycle
921568,invoice_kickback
921574,laundering_cycle
921603,mule_fanin
921620,laundering_cycle
921638,mule_fanin
922413,mule_fanin
922517,lapping
922533,mule_fanin
922539,laundering_cycle
922577,larceny
922837,lapping
923265,mule_fanin
923606,mule_fanin
923635,mule_fanin
923811,laundering_cycle
923993,mule_fanin
924060,invoice_kickback
924105,mule_fanin
924173,laundering_cycle
924263,mule_fanin
924464,larceny
924540,larceny
925017,mule_fanin
925438,mule_fanin
925439,mule_fanin
925478,mule_fanin
925490,mule_fanin
925795,mule_fanin
925950,mule_fanin
925969,lapping
925979,mule_fanin
925987,larceny
926066,mule_fanin
926205,invoice_kickback
926376,lapping
926536,lapping
926698,larceny
926709,larceny
926765,mule_fanin
926995,mule_fanin
927009,mule_fanin
927042,laundering_cycle
927178,mule_fanin
927442,laundering_cycle
927446,laundering_cycle
927496,laundering_cycle
927542,mule_fanin
927622,lapping
928053,laundering_cycle
928069,mule_fanin
928178,laundering_cycle
928888,mule_fanin
929010,laundering_cycle
929117,mule_fanin
929127,mule_fanin
929132,mule_fanin
929154,mule_fanin
929413,mule_fanin
929418,mule_fanin
929479,invoice_kickback
929584,lapping
929723,mule_fanin
929730,larceny
929820,larceny
929895,lapping
929912,lapping
930002,mule_fanin
930216,invoice_kickback
930431,larceny
930484,mule_fanin
930631,lapping
930724,mule_fanin
930753,laundering_cycle
930915,mule_fanin
931045,mule_fanin
931184,laundering_cycle
931452,mule_fanin
931482,mule_fanin
931513,mule_fanin
931603,mule_fanin
931777,mule_fanin
931945,mule_fanin
932178,lapping
932270,mule_fanin
932816,mule_fanin
932875,mule_fanin
932933,mule_fanin
933160,mule_fanin
933217,lapping
933276,lapping
933355,larceny
933397,mule_fanin
933614,mule_fanin
933680,mule_fanin
933780,mule_fanin
933853,larceny
933884,mule_fanin
933948,larceny
934008,mule_fanin
934457,mule_fanin
934645,invoice_kickback
934712,lapping
934746,laundering_cycle
934934,laundering_cycle
935572,mule_fanin
935597,mule_fanin
935641,mule_fanin
935703,laundering_cycle
936000,mule_fanin
936190,mule_fanin
936457,mule_fanin
936593,mule_fanin
936600,mule_fanin
936629,mule_fanin
936693,invoice_kickback
936713,mule_fanin
936953,laundering_cycle
937243,lapping
937394,larceny
937399,laundering_cycle
937544,lapping
937605,lapping
937884,laundering_cycle
938023,mule_fanin
938844,mule_fanin
938994,larceny
939658,mule_fanin
939739,mule_fanin
939790,larceny
939958,mule_fanin
940146,mule_fanin
940219,laundering_cycle
940394,laundering_cycle
940404,mule_fanin
940419,laundering_cycle
940519,mule_fanin
940558,larceny
940648,mule_fanin
940692,mule_fanin
940694,lapping
940828,mule_fanin
940898,laundering_cycle
940912,lapping
940930,mule_fanin
940980,lapping
941066,laundering_cycle
941133,invoice_kickback
941162,laundering_cycle
941253,invoice_kickback
941465,mule_fanin
941672,invoice_kickback
941927,lapping
941939,mule_fanin
942063,mule_fanin
942095,mule_fanin
942206,mule_fanin
942353,mule_fanin
942479,mule_fanin
942490,laundering_cycle
942497,mule_fanin
942507,mule_fanin
942544,mule_fanin
942553,mule_fanin
942563,laundering_cycle
942573,laundering_cycle
942578,mule_fanin
942694,lapping
943055,invoice_kickback
943067,mule_fanin
943076,larceny
943080,larceny
943095,mule_fanin
943097,invoice_kickback
943141,lapping
943196,mule_fanin
943280,laundering_cycle
943289,larceny
943315,larceny
943555,mule_fanin
943617,mule_fanin
943622,laundering_cycle
943723,mule_fanin
943785,mule_fanin
943798,laundering_cycle
943981,laundering_cycle
944212,mule_fanin
944490,mule_fanin
944491,mule_fanin
944514,mule_fanin
944516,invoice_kickback
944534,laundering_cycle
944545,mule_fanin
944551,laundering_cycle
944577,laundering_cycle
944774,laundering_cycle
944777,laundering_cycle
944792,larceny
945035,lapping
945143,larceny
945192,mule_fanin
945227,lapping
945241,laundering_cycle
945505,mule_fanin
945756,laundering_cycle
945778,mule_fanin
945846,laundering_cycle
945868,mule_fanin
945937,laundering_cycle
946031,lapping
946146,laundering_cycle
946488,laundering_cycle
946539,mule_fanin
946642,larceny
946781,invoice_kickback
946912,larceny
947008,larceny
947215,invoice_kickback
947558,mule_fanin
947561,invoice_kickback
947596,mule_fanin
947950,mule_fanin
947966,mule_fanin
948156,mule_fanin
948265,mule_fanin
948267,mule_fanin
948282,mule_fanin
948289,mule_fanin
948479,mule_fanin
948574,mule_fanin
948903,mule_fanin
949219,mule_fanin
949656,invoice_kickback
949752,lapping
949787,invoice_kickback
949825,larceny
950042,invoice_kickback
950130,mule_fanin
950391,invoice_kickback
951009,lapping
951291,lapping
951888,mule_fanin
951940,mule_fanin
951942,mule_fanin
952001,mule_fanin
952003,mule_fanin
952005,mule_fanin
952786,laundering_cycle
952787,invoice_kickback
952932,larceny
953191,laundering_cycle
953238,mule_fanin
953254,lapping
954045,mule_fanin
954235,laundering_cycle
954357,mule_fanin
954412,invoice_kickback
954568,mule_fanin
955144,mule_fanin
955158,mule_fanin
955377,larceny
955632,mule_fanin
955638,laundering_cycle
955742,mule_fanin
955923,mule_fanin
955973,mule_fanin
956005,laundering_cycle
956048,mule_fanin
956104,laundering_cycle
956127,mule_fanin
956137,mule_fanin
956139,mule_fanin
956156,mule_fanin
956157,mule_fanin
956163,mule_fanin
956164,mule_fanin
956335,larceny
956364,mule_fanin
956414,laundering_cycle
956535,laundering_cycle
956617,mule_fanin
956691,mule_fanin
956696,mule_fanin
956964,invoice_kickback
957111,mule_fanin
957349,mule_fanin
957351,lapping
957360,mule_fanin
957418,mule_fanin
957616,laundering_cycle
957720,laundering_cycle
957865,lapping
957917,lapping
957976,mule_fanin
958168,laundering_cycle
958222,laundering_cycle
958410,mule_fanin
958414,laundering_cycle
958623,mule_fanin
958869,larceny
958974,mule_fanin
959056,mule_fanin
959183,mule_fanin
959432,laundering_cycle
959486,mule_fanin
959493,mule_fanin
959528,mule_fanin
959637,laundering_cycle
959808,mule_fanin
959818,mule_fanin
959844,mule_fanin
959943,mule_fanin
960335,mule_fanin
960398,laundering_cycle
960700,invoice_kickback
961097,mule_fanin
961747,mule_fanin
961890,larceny
961910,lapping
961925,mule_fanin
962401,mule_fanin
962440,larceny
962536,lapping
962713,mule_fanin
963049,larceny
963051,mule_fanin
963066,mule_fanin
963183,mule_fanin
963441,larceny
963480,mule_fanin
963528,mule_fanin
964037,mule_fanin
964196,mule_fanin
964252,mule_fanin
964285,invoice_kickback
964414,mule_fanin
964422,mule_fanin
964437,mule_fanin
964446,mule_fanin
964452,mule_fanin
964566,lapping
964594,invoice_kickback
964830,invoice_kickback
965031,larceny
965147,laundering_cycle
965214,mule_fanin
965238,mule_fanin
965291,larceny
965332,laundering_cycle
965356,lapping
965508,laundering_cycle
965562,laundering_cycle
965646,lapping
965817,lapping
965952,invoice_kickback
965960,larceny
966338,lapping
966358,mule_fanin
966408,laundering_cycle
966573,larceny
966700,mule_fanin
966956,laundering_cycle
966958,mule_fanin
966989,laundering_cycle
967006,laundering_cycle
967016,mule_fanin
967026,mule_fanin
967027,mule_fanin
967034,mule_fanin
967043,mule_fanin
967047,mule_fanin
967054,mule_fanin
967057,mule_fanin
967058,mule_fanin
967081,mule_fanin
967356,mule_fanin
967381,lapping
967403,invoice_kickback
967431,invoice_kickback
967825,larceny
967942,mule_fanin
967988,mule_fanin
968440,invoice_kickback
968610,invoice_kickback
968792,mule_fanin
968798,mule_fanin
968839,lapping
968942,mule_fanin
969017,invoice_kickback
969123,laundering_cycle
969234,mule_fanin
969264,laundering_cycle
969265,laundering_cycle
969268,mule_fanin
969272,mule_fanin
969285,laundering_cycle
969291,laundering_cycle
969293,mule_fanin
969304,laundering_cycle
969311,mule_fanin
969316,laundering_cycle
969331,mule_fanin
969341,laundering_cycle
969361,mule_fanin
969405,larceny
969418,laundering_cycle
969431,laundering_cycle
969592,mule_fanin
969596,invoice_kickback
969675,mule_fanin
969766,mule_fanin
969880,lapping
970022,larceny
970091,lapping
970283,mule_fanin
970589,invoice_kickback
970703,lapping
970743,lapping
970950,mule_fanin
971211,lapping
971258,mule_fanin
971272,laundering_cycle
971290,mule_fanin
971567,mule_fanin
971698,mule_fanin
972354,lapping
972540,invoice_kickback
972667,lapping
972715,mule_fanin
972719,laundering_cycle
972913,laundering_cycle
972980,invoice_kickback
973085,mule_fanin
973331,mule_fanin
973339,mule_fanin
973917,laundering_cycle
973975,mule_fanin
974048,mule_fanin
974068,mule_fanin
974076,laundering_cycle
974093,mule_fanin
974102,laundering_cycle
974374,mule_fanin
974407,invoice_kickback
974880,laundering_cycle
974920,laundering_cycle
975041,lapping
975097,mule_fanin
975700,invoice_kickback
975740,lapping
975759,laundering_cycle
975923,laundering_cycle
976197,mule_fanin
976236,laundering_cycle
976666,laundering_cycle
976950,larceny
977426,mule_fanin
977828,laundering_cycle
978186,mule_fanin
978494,mule_fanin
978562,mule_fanin
978570,mule_fanin
978585,mule_fanin
978591,mule_fanin
978596,mule_fanin
978621,mule_fanin
978639,mule_fanin
978644,mule_fanin
978646,mule_fanin
978712,mule_fanin
978745,mule_fanin
979380,laundering_cycle
979440,mule_fanin
979462,invoice_kickback
980021,mule_fanin
980164,invoice_kickback
980494,laundering_cycle
980740,larceny
980949,lapping
981168,larceny
981391,mule_fanin
981880,mule_fanin
982028,mule_fanin
982305,laundering_cycle
982707,mule_fanin
982777,mule_fanin
983327,laundering_cycle
983532,invoice_kickback
983960,mule_fanin
984094,mule_fanin
984096,laundering_cycle
984111,mule_fanin
984131,mule_fanin
984136,mule_fanin
984145,mule_fanin
984150,invoice_kickback
984158,mule_fanin
984170,laundering_cycle
984189,mule_fanin
984466,laundering_cycle
984493,mule_fanin
984523,mule_fanin
984675,laundering_cycle
984742,laundering_cycle
984892,mule_fanin
985068,laundering_cycle
985331,laundering_cycle
985912,lapping
985963,invoice_kickback
985974,mule_fanin
986131,mule_fanin
986666,laundering_cycle
987020,mule_fanin
987563,lapping
987793,mule_fanin
987907,mule_fanin
987958,larceny
988147,laundering_cycle
989129,laundering_cycle
989190,mule_fanin
989192,mule_fanin
989199,laundering_cycle
989227,laundering_cycle
989250,mule_fanin
989270,mule_fanin
989276,mule_fanin
989490,mule_fanin
990485,mule_fanin
990728,mule_fanin
990891,lapping
991019,mule_fanin
991309,invoice_kickback
991652,lapping
992213,larceny
992559,invoice_kickback
992601,mule_fanin
992711,mule_fanin
992954,invoice_kickback
993561,laundering_cycle
993698,mule_fanin
993774,larceny
994161,mule_fanin
994343,mule_fanin
994401,mule_fanin
994442,mule_fanin
994443,mule_fanin
994448,mule_fanin
994781,mule_fanin
995312,mule_fanin
995374,invoice_kickback
995392,laundering_cycle
995581,lapping
995637,larceny
995875,lapping
996011,mule_fanin
996156,lapping
996658,lapping
996734,laundering_cycle
996950,mule_fanin
997194,laundering_cycle
997287,mule_fanin
997303,laundering_cycle
997400,laundering_cycle
997434,mule_fanin
997437,laundering_cycle
997449,laundering_cycle
997450,laundering_cycle
997570,laundering_cycle
997915,laundering_cycle
997973,laundering_cycle
998096,invoice_kickback
998103,laundering_cycle
998248,laundering_cycle
998266,invoice_kickback
998386,invoice_kickback
998461,laundering_cycle
998547,lapping
998579,laundering_cycle
998785,invoice_kickback
998865,larceny
999255,invoice_kickback
999270,lapping
999455,mule_fanin
999799,laundering_cycle
999853,laundering_cycle
999863,laundering_cycle
999889,mule_fanin
999921,laundering_cycle
1000550,laundering_cycle
1001014,laundering_cycle
1001225,lapping
1001372,invoice_kickback
1002099,mule_fanin
1002312,invoice_kickback
1002987,larceny
1003209,larceny
1003562,larceny
1003692,invoice_kickback
1003834,larceny
1004070,larceny
1004517,mule_fanin
1005126,laundering_cycle
1005142,mule_fanin
1005144,laundering_cycle
1005156,invoice_kickback
1005492,larceny
1005646,invoice_kickback
1005786,invoice_kickback
1006132,mule_fanin
1006506,lapping
1006519,larceny
1006617,lapping
1006810,laundering_cycle
1007361,invoice_kickback
1007384,invoice_kickback
1007418,lapping
1008108,lapping
1008179,invoice_kickback
1008267,larceny
1008331,lapping
1009807,invoice_kickback
1010126,laundering_cycle
1010542,laundering_cycle
1010962,mule_fanin
1011105,laundering_cycle
1011618,lapping
1011638,lapping
1011811,lapping
1012340,mule_fanin
1012448,larceny
1012655,mule_fanin
1012916,larceny
1013121,lapping
1014021,mule_fanin
1014461,laundering_cycle
1014785,laundering_cycle
1014922,laundering_cycle
1014968,laundering_cycle
1014985,laundering_cycle
1015001,laundering_cycle
1015005,laundering_cycle
1015439,laundering_cycle
1015489,lapping
1015556,lapping
1015588,invoice_kickback
1016058,larceny
1016112,laundering_cycle
1016136,invoice_kickback
1016222,invoice_kickback
1016228,laundering_cycle
1016534,invoice_kickback
1016778,larceny
1017144,larceny
1017739,invoice_kickback
1018058,larceny
1018185,lapping
1018240,laundering_cycle
1019654,laundering_cycle
1019662,invoice_kickback
1019684,laundering_cycle
1019845,invoice_kickback
1019852,lapping
1020023,laundering_cycle
1020068,laundering_cycle
1020251,larceny
1021368,larceny
1022027,lapping
1022700,laundering_cycle
1022735,larceny
1022939,invoice_kickback
1023545,invoice_kickback
1024198,invoice_kickback
1024226,mule_fanin
1024471,larceny
1024696,larceny
1024724,larceny
1024807,larceny
1024852,mule_fanin
1025214,mule_fanin
1025335,invoice_kickback
1025534,larceny
1025829,larceny
1026047,laundering_cycle
1026578,invoice_kickback
1027025,lapping
1027065,laundering_cycle
1027073,larceny
1027117,invoice_kickback
1027137,laundering_cycle
1027376,lapping
1027712,mule_fanin
1027766,mule_fanin
1028409,lapping
1028481,mule_fanin
1028565,mule_fanin
1028926,mule_fanin
1028974,laundering_cycle
1028994,laundering_cycle
1029059,laundering_cycle
1029071,laundering_cycle
1029095,laundering_cycle
1029314,lapping
1029522,invoice_kickback
1029531,laundering_cycle
1029593,lapping
1030061,laundering_cycle
1031059,invoice_kickback
1031130,laundering_cycle
1031215,invoice_kickback
1032107,invoice_kickback
1032533,laundering_cycle
1033088,laundering_cycle
1033103,mule_fanin
1033588,laundering_cycle
1033832,mule_fanin
1033835,laundering_cycle
1033917,mule_fanin
1033941,mule_fanin
1034343,lapping
1035101,lapping
1035176,laundering_cycle
1035763,mule_fanin
1035827,mule_fanin
1036113,mule_fanin
1036749,invoice_kickback
1037093,larceny
1037376,lapping
1037553,larceny
1038444,mule_fanin
1038458,laundering_cycle
1038461,mule_fanin
1038488,mule_fanin
1038505,laundering_cycle
1038774,lapping
1039018,mule_fanin
1039037,laundering_cycle
1039141,larceny
1039307,laundering_cycle
1039388,lapping
1039469,laundering_cycle
1039681,mule_fanin
1039754,laundering_cycle
1039861,mule_fanin
1040140,mule_fanin
1040418,mule_fanin
1040464,lapping
1040819,invoice_kickback
1041278,mule_fanin
1041701,mule_fanin
1042127,lapping
1042450,mule_fanin
1042726,mule_fanin
1042781,laundering_cycle
1043065,mule_fanin
1043229,mule_fanin
1043238,laundering_cycle
1043272,mule_fanin
1043312,mule_fanin
1043580,laundering_cycle
1043658,lapping
1043714,lapping
1044208,laundering_cycle
1044560,lapping
1044702,larceny
1045464,lapping
1045951,laundering_cycle
1046448,mule_fanin
1046601,invoice_kickback
1046619,invoice_kickback
1048085,mule_fanin
1048308,laundering_cycle
1048419,invoice_kickback
1048792,mule_fanin
1048913,invoice_kickback
1048965,invoice_kickback
1049213,lapping
1049389,larceny
1049415,mule_fanin
1049429,mule_fanin
1049584,laundering_cycle
1049967,invoice_kickback
1050148,invoice_kickback
1050308,laundering_cycle
1050590,mule_fanin
1051029,larceny
1051055,larceny
1051145,laundering_cycle
1051269,mule_fanin
1051312,mule_fanin
1051428,larceny
1051774,laundering_cycle
1052016,laundering_cycle
1052583,mule_fanin
1052768,mule_fanin
1052790,mule_fanin
1052832,mule_fanin
1053121,lapping
1053145,larceny
1053205,larceny
1053445,larceny
1053698,larceny
1054075,invoice_kickback
1054314,larceny
1054333,lapping
1054661,lapping
1054821,mule_fanin
1054928,mule_fanin
1055057,laundering_cycle
1055089,mule_fanin
1055240,mule_fanin
1055303,invoice_kickback
1055321,laundering_cycle
1055345,laundering_cycle
1055670,invoice_kickback
1055866,larceny
1055876,mule_fanin
1055992,larceny
1056004,larceny
1056197,lapping
1056277,invoice_kickback
1056306,mule_fanin
1056384,mule_fanin
1056527,lapping
1057687,mule_fanin
1058209,lapping
1058211,mule_fanin
1058295,mule_fanin
1058832,lapping
1058993,lapping
1059586,larceny
1059615,larceny
1060819,invoice_kickback
1061279,mule_fanin
1061771,mule_fanin
1062491,mule_fanin
1063016,mule_fanin
1063134,larceny
1063406,larceny
1063692,lapping
1063789,mule_fanin
1064040,larceny
1064491,invoice_kickback
1064831,lapping
1065132,larceny
1065426,larceny
1066053,larceny
1068012,mule_fanin
1068205,lapping
1068226,larceny
1068552,lapping
1069056,mule_fanin
1069342,invoice_kickback
1069824,lapping
1072069,mule_fanin
1072360,mule_fanin
1072374,mule_fanin
1072831,invoice_kickback
1073191,mule_fanin
1073262,mule_fanin
1073943,larceny
1074003,larceny
1074020,larceny
1074157,lapping
1074417,lapping
1075013,larceny
1075236,invoice_kickback
1076410,mule_fanin
1076978,mule_fanin
1077204,invoice_kickback
1077225,mule_fanin
1077527,mule_fanin
1077942,mule_fanin
1077978,lapping
1078604,mule_fanin
1078730,invoice_kickback
1078819,lapping
1079583,larceny
1081819,mule_fanin
1081831,mule_fanin
1081874,mule_fanin
1081877,mule_fanin
1082089,invoice_kickback
1082108,invoice_kickback
1082133,larceny
1082185,mule_fanin
1082328,mule_fanin
1082504,larceny
1082660,larceny
1083249,invoice_kickback
1083329,lapping
1083430,invoice_kickback
1083597,larceny
1083807,invoice_kickback
1083996,invoice_kickback
1084384,mule_fanin
1084425,mule_fanin
1084429,mule_fanin
1084457,invoice_kickback
1084558,mule_fanin
1084563,mule_fanin
1084691,larceny
1084744,invoice_kickback
1084799,lapping
1084938,larceny
1085086,lapping
1085651,invoice_kickback
1085862,lapping
1086181,larceny
1086349,mule_fanin
1086524,mule_fanin
1086531,mule_fanin
1087133,mule_fanin
1087229,larceny
1087480,mule_fanin
1087648,invoice_kickback
1087663,invoice_kickback
1087688,lapping
1087825,lapping
1088119,invoice_kickback
1088686,invoice_kickback
1089106,larceny
1089528,larceny
1090090,lapping
1090945,mule_fanin
1091427,mule_fanin
1091464,mule_fanin
1091515,mule_fanin
1091976,lapping
1092007,larceny
1092156,lapping
1092732,invoice_kickback
1093429,mule_fanin
1093933,mule_fanin
1094792,lapping
1095051,mule_fanin
1095650,mule_fanin
1095973,mule_fanin
1096037,mule_fanin
1096187,mule_fanin
1096395,mule_fanin
1096764,larceny
1097044,lapping
1097151,larceny
1097333,lapping
1097669,mule_fanin
1097877,larceny
1097994,lapping
1099066,mule_fanin
1099115,invoice_kickback
1100942,invoice_kickback
1101042,invoice_kickback
1101238,mule_fanin
1102215,larceny
1102497,larceny
1103789,larceny
1103987,mule_fanin
1105654,mule_fanin
1105656,invoice_kickback
1105709,mule_fanin
1107048,invoice_kickback
1107691,invoice_kickback
1108176,invoice_kickback
1108211,lapping
1108234,mule_fanin
1108294,mule_fanin
1108771,larceny
1108852,lapping
1108937,invoice_kickback
1108979,mule_fanin
1110491,invoice_kickback
1111011,mule_fanin
1111192,mule_fanin
1111698,lapping
1112134,lapping
1112347,mule_fanin
1112850,mule_fanin
1112938,mule_fanin
1113364,invoice_kickback
1113545,larceny
1114455,larceny
1115146,invoice_kickback
1115882,lapping
1116024,lapping
1116374,invoice_kickback
1118721,invoice_kickback
1118896,larceny
1119136,invoice_kickback
1120324,invoice_kickback
1120442,mule_fanin
1120621,larceny
1120677,larceny
1121851,invoice_kickback
1122485,invoice_kickback
1122733,mule_fanin
1122981,mule_fanin
1123523,mule_fanin
1123736,lapping
1123900,invoice_kickback
1124058,mule_fanin
1125197,lapping
1125512,lapping
1128944,lapping
1128960,invoice_kickback
1129918,lapping
1130040,larceny
1130165,mule_fanin
1130171,invoice_kickback
1130217,mule_fanin
1131368,larceny
1131535,larceny
1131676,lapping
1131971,lapping
1132958,mule_fanin
1133423,larceny
1133604,lapping
1133886,larceny
1134007,larceny
1134141,invoice_kickback
1135420,larceny
1135436,mule_fanin
1136951,lapping
1136982,lapping
1137453,invoice_kickback
1137512,larceny
1137596,invoice_kickback
1137632,larceny
1138269,larceny
1138461,invoice_kickback
1139051,larceny
1139424,larceny
1140967,larceny
1141009,invoice_kickback
1141357,larceny
1141840,invoice_kickback
1142140,larceny
1142366,mule_fanin
1142761,mule_fanin
1143332,invoice_kickback
1144034,invoice_kickback
1144602,mule_fanin
1145093,lapping
1145644,invoice_kickback
1145705,lapping
1145831,invoice_kickback
1146296,invoice_kickback
1147069,invoice_kickback
1147206,mule_fanin
1147209,mule_fanin
